"year","aged","dis","tr","ours","gap_pct"
2026,3501671.81469676,185328.185303236,3687000,3687000,0
2027,3477269.38545097,179730.614549032,3657000,3657000,2.22044604925031e-14
2028,3457674.35257809,174325.647421909,3632000,3632000,2.22044604925031e-14
2029,3437942.72807498,169057.271925018,3607000,3607000,-1.11022302462516e-14
2030,3427052.48245229,163947.517547706,3591000,3591000,2.22044604925031e-14
2031,3416748.14986473,159251.850135267,3576000,3576000,0
2032,3408714.27129624,155285.728703761,3564000,3564000,0
2033,3401146.0581927,151853.941807303,3553000,3553000,0
2034,3393276.26558506,148723.734414938,3542000,3542000,-1.11022302462516e-14
2035,3387417.8183068,145582.181693203,3533000,3533000,0
2036,3356362.49583037,142165.77427099,3462000,3498528.27010136,1.05512045353438
2037,3324684.61588141,138987.399438762,3414000,3463672.01532017,1.45495065378367
2038,3293724.81352973,136781.345647816,3361000,3430506.15917755,2.0680202076033
2039,3262284.59417275,135471.468007296,3314000,3397756.06218004,2.52734043995306
2040,3230845.87378163,134596.278939341,3262000,3365442.15272097,3.17112669285633
2041,3202936.29682948,133784.771607676,3210000,3336721.06843715,3.94769683604841
2042,3177355.02784159,133144.134993021,3160000,3310499.16283461,4.76263173527247
2043,3153211.62148767,132429.909097887,3110000,3285641.53058556,5.64763763940705
2044,3126472.48020895,131703.895848381,3061000,3258176.37605733,6.44156733281056
2045,3097192.76333908,131077.759290522,3010000,3228270.5226296,7.25151237972101
2046,3092834.62454308,130275.02697398,2977000,3223109.65151706,8.26703565727436
2047,3085512.56622207,129535.733252779,2944000,3215048.29947485,9.20680365064013
2048,3076954.13764484,128973.816759294,2914000,3205927.95440413,10.0181178587553
2049,3067522.06147814,128499.073457399,2884000,3196021.13493554,10.8190407397899
2050,3058499.11302564,128222.793225942,2854000,3186721.90625158,11.6580906184856
2051,3050460.67492169,127867.117396737,2827000,3178327.79231843,12.4275837395978
2052,3040884.40805143,127535.937112935,2800000,3168420.34516437,13.157869470156
2053,3030142.98863725,127363.496194081,2775000,3157506.48483133,13.7840174713994
2054,3020377.4672326,127182.232479637,2751000,3147559.69971223,14.4151108583146
2055,3009705.22370173,126896.659825936,2727000,3136601.88352766,15.020237753123
2056,2999320.06657139,126505.437614478,2704000,3125825.50418587,15.6000556281756
2057,2986939.69269522,126211.598031506,2683000,3113151.29072673,16.0324744959644
2058,2974860.47522135,126267.592718595,2664000,3101128.06793995,16.408711259007
2059,2960012.24325132,126626.681319547,2646000,3086638.92457087,16.6530205809096
2060,2941955.96506708,127243.601937538,2629000,3069199.56700462,16.7439926589814
2061,2920677.37766248,127989.110836447,2615000,3048666.48849892,16.5838045315076
2062,2903115.09106897,128836.840572932,2604000,3031951.9316419,16.4344059770314
2063,2889765.79031628,129772.924516154,2595000,3019538.71483243,16.3598734039473
2064,2878706.43431811,130693.215488272,2587000,3009399.64980638,16.3277792735361
2065,2865907.20805569,131547.805422238,2579000,2997455.01347793,16.2254755129092
2066,2855781.52239214,132259.834917133,2572000,2988041.35730927,16.17579149725
2067,2846045.51289241,132831.168627847,2565000,2978876.68152026,16.1355431391914
2068,2838479.70815692,133399.928908289,2560000,2971879.63706521,16.0890483228596
2069,2826600.08831415,133755.459492146,2557000,2960355.5478063,15.7745619009111
2070,2819366.09351121,133877.199058153,2555000,2953243.29256937,15.586821626981
2071,2810579.02782693,133840.168726204,2552000,2944419.19655314,15.3769277646213
2072,2806051.54458932,133594.126081937,2552000,2939645.67067126,15.1898773774003
2073,2802833.48140567,133057.098815385,2546000,2935890.58022105,15.3138483983131
2074,2799602.66956279,132363.695468961,2542000,2931966.36503175,15.3409270272128
2075,2795670.84627496,131751.859584468,2536000,2927422.70585943,15.4346492846777
2076,2792149.2216254,131222.76506156,2528000,2923371.98668696,15.6397146632498
2077,2787830.64508967,130655.30148032,2522000,2918485.94656999,15.7210922509908
2078,2781888.59559446,130025.961831779,2514000,2911914.55742623,15.8279458005662
2079,2775944.15949021,129273.670673008,2505000,2905217.83016322,15.9767596871545
2080,2768867.76412689,128367.90811585,2493000,2897235.67224274,16.2148284092555
2081,2761477.38637168,127334.113565517,2480000,2888811.4999372,16.4843346748869
2082,2751373.19825849,126331.621271757,2469000,2877704.81953025,16.5534556310349
2083,2740275.86810049,125492.528326159,2459000,2865768.39642665,16.5420250681843
2084,2727764.37679272,124900.89836015,2447000,2852665.27515287,16.5780660054301
2085,2715239.56113695,124466.039153278,2435000,2839705.60029023,16.6203531946706
2086,2703304.95166836,124294.137671716,2421000,2827599.08934008,16.7946753135102
2087,2690090.84019275,124321.992827598,2410000,2814412.83302035,16.7806154780228
2088,2678266.98963947,124350.719658419,2396000,2802617.70929789,16.9706890358052
2089,2666193.02566246,124567.400457876,2381000,2790760.42612034,17.2095937051801
2090,2653708.20896637,124886.665593618,2365000,2778594.87455999,17.4881553725155
2091,2641678.55722269,125184.023453867,2349000,2766862.58067656,17.788956180356
2092,2629014.26278268,125581.314830238,2337000,2754595.57761292,17.8688736676474
2093,2616029.82887054,126046.517072926,2326000,2742076.34594347,17.8880630242247
2094,2604396.79081625,126567.054692813,2315000,2730963.84550907,17.9682006699381
2095,2590868.73312103,127123.794547524,2303000,2717992.52766856,18.0196494862596
2096,2579391.92401629,127690.984029143,2290000,2707082.90804543,18.2132274255646
2097,2571260.92104843,128240.043490117,2280000,2699500.96453855,18.3991651113398
2098,2561398.12194619,128744.510218768,2272000,2690142.63216496,18.4041651481055
2099,2551768.82744837,129178.486286888,2262000,2680947.31373526,18.5211014029734
2100,2545085.02940001,129524.169461506,2252000,2674609.19886151,18.7659502158753
