"year","fund","model","tr","gap_pct","model_rate"
2026,"DI",160.895755872246,165.7,-2.89936278078068,1.45699317098838
2027,"DI",167.027222499122,175.8,-4.99020335658612,1.45039269276764
2028,"DI",172.994830753557,180.6,-4.21105716857322,1.43373803044552
2029,"DI",179.563136605028,183.8,-2.30514874590418,1.42025734877029
2030,"DI",186.422788744357,187.2,-0.415176952800789,1.40611546797675
2031,"DI",193.002016201884,190.5,1.31339433169759,1.38940332734781
2032,"DI",200.500656668359,198,1.26295791331275,1.37886429178433
2033,"DI",209.572196787652,206.7,1.3895485184577,1.37903663083274
2034,"DI",219.724507371827,216.3,1.58322116127017,1.38706210069962
2035,"DI",230.803886698352,227,1.67572101248972,1.39999931274021
2036,"DI",242.78556643432,239.067669987007,1.55516488177394,1.41772593538289
2037,"DI",255.448249405194,249.903307059333,2.21883512111531,1.43704010691491
2038,"DI",269.061385276277,263.020643135556,2.29667986083042,1.45824825362461
2039,"DI",284.4637315282,278.589264616717,2.10864798382109,1.48568303926568
2040,"DI",301.553945939507,294.954401472499,2.23747956770985,1.51771073501186
2041,"DI",319.759113897002,312.063359029883,2.4660873006825,1.55132502375802
2042,"DI",338.763014669262,330.027326981377,2.64695889512743,1.58433736165589
2043,"DI",358.664227902901,348.823005630143,2.82126525886115,1.61735312005277
2044,"DI",379.053193935013,368.455605456908,2.87621855147626,1.6485591003132
2045,"DI",399.831309503983,389.02707492421,2.77724489532716,1.6772854664988
2046,"DI",420.97666886013,410.562188393244,2.5366389700044,1.70360029484897
2047,"DI",441.974081845927,430.584591165006,2.64512268079653,1.72558498358618
2048,"DI",463.367345349416,451.505949328714,2.62707413675001,1.74546029814825
2049,"DI",485.471930967442,473.327934170637,2.56566239178,1.76458247661908
2050,"DI",508.229532170785,496.103633607622,2.44422691988453,1.78263603006238
2051,"DI",531.95814989666,519.905306193157,2.3182767246128,1.80056238118285
2052,"DI",556.10845991202,544.665215677783,2.10096843067127,1.81681355128237
2053,"DI",580.803037876517,567.481517540061,2.3474809178285,1.83126194310921
2054,"DI",606.298337108564,594.465909051537,1.99043004432413,1.8449269303124
2055,"DI",632.02785691213,619.285296665223,2.05762357277404,1.85617579122505
2056,"DI",657.583311577487,641.728705067129,2.47060890142043,1.86368697306849
2057,"DI",682.823542987402,668.639953226505,2.12125968429706,1.86737281350818
2058,"DI",708.407853157422,692.960117799913,2.22923873404925,1.86934730092206
2059,"DI",735.240772905669,718.139716760502,2.38129931349695,1.87212785604784
2060,"DI",763.491947164687,744.270179298398,2.58263308149855,1.87580941271851
2061,"DI",793.444948177242,771.388077089649,2.85937412603139,1.88086985463374
2062,"DI",825.018110236525,799.438552620182,3.19969027419376,1.88709282059637
2063,"DI",858.148055569174,828.476463404071,3.5814647097139,1.89407388608642
2064,"DI",892.801955410587,863.15417886531,3.43481816704541,1.90156110713422
2065,"DI",928.495514154587,894.388847986141,3.81340467798121,1.90852109795393
2066,"DI",964.971447561627,926.744950194889,4.12481312778648,1.91424607728948
2067,"DI",1001.85491782858,960.18571719359,4.33970219394475,1.91819662989639
2068,"DI",1039.46087430509,994.692764833261,4.5006972056677,1.9211563861773
2069,"DI",1078.94000487775,1030.30286141187,4.72066469845882,1.92520030133602
2070,"DI",1119.23119175541,1067.05277522737,4.88995649881681,1.92831258701528
2071,"DI",1159.98396815724,1105.03442702469,4.9726542258514,1.92983291434957
2072,"DI",1201.40237389317,1144.26620095279,4.99325881449637,1.93021171217694
2073,"DI",1242.89873193147,1178.46740320485,5.46738319205038,1.928559485983
2074,"DI",1283.98850630698,1220.19568557817,5.2280811580298,1.92418364774982
2075,"DI",1325.58931487355,1256.6126201819,5.4890977206383,1.91858582017246
2076,"DI",1369.80114915563,1294.01207449112,5.8569062962035,1.91486845482019
2077,"DI",1416.95529427503,1339.77779125162,5.76047039496794,1.9131240049619
2078,"DI",1466.27883519852,1379.70452533564,6.2748442346245,1.91198064285428
2079,"DI",1517.73419603068,1428.67576916414,6.23363458586872,1.9112392439721
2080,"DI",1570.52029954357,1479.50007622347,6.15209318220722,1.90977224031272
2081,"DI",1624.13144831252,1523.82278475531,6.58269876003474,1.9070409772941
2082,"DI",1678.41336683689,1578.30573408402,6.34272755848353,1.90274726996587
2083,"DI",1734.61502497483,1625.91704244262,6.68533385743453,1.89838904815955
2084,"DI",1794.14908108828,1675.02995236033,7.11146260758455,1.89544147342828
2085,"DI",1857.93966793909,1735.47939367692,7.05627936052431,1.89446495221785
2086,"DI",1925.61726240968,1788.34473451711,7.67595448702121,1.89484497993553
2087,"DI",1998.46107457956,1853.35049545258,7.82963500336469,1.89754939761443
2088,"DI",2076.24276614014,1931.72772628844,7.48112883016734,1.90198307665684
2089,"DI",2156.93868961335,2002.51161541793,7.71166933597003,1.90606271505749
2090,"DI",2242.72933158976,2076.1268601126,8.0246768479322,1.91160168731334
2091,"DI",2332.82061775478,2164.56779038545,7.77304495228468,1.91774408746406
2092,"DI",2425.7349389969,2244.48191641403,8.07549489516275,1.92312596741341
2093,"DI",2523.28726549383,2327.52783629277,8.41061602566535,1.92908920772911
2094,"DI",2625.35656744972,2427.05883239498,8.17028958704986,1.93544709571216
2095,"DI",2732.04412981569,2530.81660978779,7.9510905393013,1.94213783113604
2096,"DI",2843.345370471,2624.65717106973,8.33206720526254,1.94899194619914
2097,"DI",2959.17051770253,2736.84412992637,8.12345815916591,1.95586860129582
2098,"DI",3079.36744400776,2838.21609701169,8.49658161159632,1.96261811206286
2099,"DI",3203.9055660276,2959.3107167605,8.2652642009438,1.96907742317827
2100,"DI",3332.51625647605,3085.3328783023,8.01156270404666,1.97508194044619
2026,"OASI",1519.78339395123,1517.6,0.143871504430004,13.7624141442654
2027,"OASI",1615.78173235497,1609.4,0.39652866627109,14.0307548832491
2028,"OASI",1709.52534149541,1700.2,0.548484972086083,14.1681198532688
2029,"OASI",1803.6400152729,1792,0.649554423710885,14.265918020034
2030,"OASI",1898.35280604201,1884.8,0.719058045522791,14.3185458292504
2031,"OASI",1994.56433565595,1978.3,0.822136968910314,14.3586806972569
2032,"OASI",2091.95140345906,2072.2,0.953161058732865,14.3865717863906
2033,"OASI",2189.54418826632,2166.3,1.07299027218384,14.4077396082537
2034,"OASI",2287.35499835338,2260.9,1.17010917569911,14.4394608822258
2035,"OASI",2386.04520860731,2356.6,1.24947842685703,14.4731603093977
2036,"OASI",2485.28845667478,2459.5949478749,1.04462358007695,14.5126333236484
2037,"OASI",2586.46923781167,2567.24003558857,0.749022372529629,14.5503444971403
2038,"OASI",2690.08325934835,2677.57114799308,0.467293329054796,14.5796068470454
2039,"OASI",2794.01334140706,2789.99985620225,0.143852523715671,14.5924340178987
2040,"OASI",2899.0563094512,2905.0871370447,-0.207595411393924,14.5908516254024
2041,"OASI",3006.43935498075,3021.92329298949,-0.512386864506431,14.5858691780553
2042,"OASI",3117.50451272978,3141.19313351623,-0.75412812200859,14.5800416833307
2043,"OASI",3232.19327550295,3266.66117121513,-1.05514143970292,14.5751861269072
2044,"OASI",3352.25165837178,3398.4451714346,-1.35925432757,14.5794444325307
2045,"OASI",3479.1666865712,3535.19421444308,-1.58485006687838,14.5950444104841
2046,"OASI",3613.07349862291,3672.03436645423,-1.60567309418332,14.6213164122169
2047,"OASI",3756.28773668483,3818.80868206643,-1.63718454069738,14.6655516209926
2048,"OASI",3907.66938851307,3971.2671650192,-1.60144794755508,14.7198153784348
2049,"OASI",4066.41862239698,4129.30746688051,-1.52298769195415,14.780527124153
2050,"OASI",4234.21272907815,4298.94845127253,-1.5058501614556,14.8516756544305
2051,"OASI",4410.86841333796,4475.43255726164,-1.44263471960764,14.9298280982195
2052,"OASI",4598.44604515709,4664.1630659182,-1.40897777012389,15.0231828715642
2053,"OASI",4797.2075501074,4861.23780650825,-1.31715951676193,15.12551251768
2054,"OASI",5006.17062566072,5072.9986021863,-1.31732692567231,15.2334559402998
2055,"OASI",5227.16803186258,5293.48775967585,-1.25285503290433,15.3514479643541
2056,"OASI",5461.19791720427,5527.44195247541,-1.19845736672961,15.4778310769875
2057,"OASI",5708.81292128235,5779.1926378424,-1.21781226151219,15.6123527902487
2058,"OASI",5968.86629408739,6038.39755147934,-1.15148525414513,15.7506499210666
2059,"OASI",6239.32332174996,6312.49799133921,-1.15920305542513,15.8870555387924
2060,"OASI",6519.87320334748,6594.81554817034,-1.13638272784833,16.018557327275
2061,"OASI",6810.64983132091,6889.64786147807,-1.14661927206566,16.1447192872369
2062,"OASI",7113.10397189495,7192.36209815557,-1.1019763073517,16.2700518582194
2063,"OASI",7427.35846995131,7503.17996340691,-1.01052478849484,16.3934016155369
2064,"OASI",7753.53567189505,7826.80799314566,-0.936171186450163,16.5141012372368
2065,"OASI",8093.78566451707,8168.1011235386,-0.909825403695974,16.6367639558419
2066,"OASI",8449.49859809228,8518.75043236399,-0.812934183499625,16.7615524659637
2067,"OASI",8821.69475547113,8883.28590697674,-0.693337489647139,16.8904148183406
2068,"OASI",9211.17511349471,9267.11162415903,-0.603602426871575,17.0243135946008
2069,"OASI",9616.65972820594,9660.19196705356,-0.450635339298477,17.1594306661063
2070,"OASI",10040.8363354584,10074.0387968598,-0.329584410690786,17.2992597351201
2071,"OASI",10483.1424323414,10504.3663102857,-0.202048151382239,17.4405111338614
2072,"OASI",10941.9225342679,10951.5903662179,-0.0882778813545371,17.5796448286815
2073,"OASI",11419.4334456501,11422.8960434052,-0.0303127835703854,17.7191078648349
2074,"OASI",11916.420949596,11907.0142722154,0.0790011430705562,17.8579342558648
2075,"OASI",12430.5250962915,12404.2579663192,0.211758978599663,17.9912654088628
2076,"OASI",12957.7377886381,12914.0073656776,0.338627830402838,18.1138432776097
2077,"OASI",13498.9684101841,13444.4089678386,0.405815104821938,18.2258400191509
2078,"OASI",14056.0359475747,13981.7444027434,0.531346752531636,18.3286207247124
2079,"OASI",14627.9519235417,14533.3022911408,0.651260329584979,18.4205612869019
2080,"OASI",15216.7858308304,15099.3931595661,0.777466153928885,18.5038010492125
2081,"OASI",15824.8178754359,15688.0134144262,0.872031769706805,18.581363089809
2082,"OASI",16452.6375795652,16292.7931837251,0.981074233482349,18.6516694020692
2083,"OASI",17098.003759713,16913.3671362765,1.09166094455828,18.7123151912633
2084,"OASI",17759.5145810328,17549.3031011016,1.19783377562162,18.7621646604893
2085,"OASI",18434.0672267697,18192.3870446123,1.32846877963155,18.7964630340665
2086,"OASI",19122.8002160211,18851.2841689951,1.44030531072581,18.8172087459863
2087,"OASI",19825.86523229,19526.0469912295,1.53547843654762,18.8247642684916
2088,"OASI",20543.5977763431,20217.0124952686,1.61539832431179,18.8193673405976
2089,"OASI",21283.7988965673,20924.0535661503,1.71929081179074,18.8082562137178
2090,"OASI",22043.2979727419,21646.575011438,1.83272855449108,18.7887165005216
2091,"OASI",22825.8026001298,22383.5125665808,1.97596347862432,18.7644294828596
2092,"OASI",23639.0568547752,23159.7105426075,2.0697422417512,18.7410765091174
2093,"OASI",24480.0473788489,23951.5703153336,2.20644014800544,18.7153463852609
2094,"OASI",25351.8577056736,24784.6030022876,2.28873830794718,18.6897200843914
2095,"OASI",26258.0485094304,25632.9712440974,2.43856734118153,18.6661514085464
2096,"OASI",27200.0369145525,26525.3779573038,2.54344710312742,18.644464873432
2097,"OASI",28179.7803158883,27448.6487403368,2.66363412810582,18.6254719630186
2098,"OASI",29200.6818721983,28418.52128091,2.75229166062818,18.6108959612739
2099,"OASI",30266.5837224901,29438.4833828304,2.8129857400965,18.601436732913
2100,"OASI",31380.4776320766,30493.5442333854,2.90859400239933,18.5982632592555
