"bin","model","type","sex","actual"
"<300",0.00034723427896802,"Disabled","F",0.00991178443072584
"300-399.9",0.0018316608215563,"Disabled","F",0.0096400873557684
"400-499.9",0.00450536476961006,"Disabled","F",0.0153526043368356
"500-599.9",0.00762179242334803,"Disabled","F",0.0191735594036421
"600-699.9",0.0109031563595958,"Disabled","F",0.0222034976699396
"700-799.9",0.0137591583041078,"Disabled","F",0.0247450690420099
"800-899.9",0.0170839265252266,"Disabled","F",0.0258284181383592
"900-999.9",0.0200701413243515,"Disabled","F",0.0277750073083074
"1000-1099.9",0.021346227299559,"Disabled","F",0.0340584320671332
"1100-1199.9",0.0647939164554325,"Disabled","F",0.0791016800509002
"1200-1299.9",0.0764783499427063,"Disabled","F",0.0847454129623579
"1300-1399.9",0.0769471162193132,"Disabled","F",0.0801987859611714
"1400-1499.9",0.0753758811069829,"Disabled","F",0.0742180111086272
"1500-1599.9",0.0696899197888816,"Disabled","F",0.065740374529259
"1600-1699.9",0.0636740859057606,"Disabled","F",0.058751913056936
"1700-1799.9",0.0570853154623424,"Disabled","F",0.0511822261964129
"1800-1899.9",0.0515122052849057,"Disabled","F",0.0446580571939539
"1900-1999.9",0.0451057328379458,"Disabled","F",0.0380891785462487
"2000-2099.9",0.039489218375638,"Disabled","F",0.0325348649252833
"2100-2199.9",0.0352182367443314,"Disabled","F",0.0275583374890375
"2200-2299.9",0.0312337233931734,"Disabled","F",0.0228500679242687
"2300-2399.9",0.0271971249001701,"Disabled","F",0.0203738414183275
"2400-2499.9",0.0245668252369874,"Disabled","F",0.0171719429780063
"2500-2599.9",0.0208774610229522,"Disabled","F",0.0147404261173112
"2600-2699.9",0.0186291190666343,"Disabled","F",0.0126734648255464
"2700-2799.9",0.0160248619743741,"Disabled","F",0.0108747614052585
"2800-2899.9",0.0145577971457342,"Disabled","F",0.00936151187385002
"2900-2999.9",0.0130907323170943,"Disabled","F",0.00832975082970784
"3000-3099.9",0.0108597520747248,"Disabled","F",0.00937182948429144
"3100-3199.9",0.0189676724886281,"Disabled","F",0.0113321754681616
"3200-3299.9",0.014766137713115,"Disabled","F",0.00938902550169381
"3300+",0.0363901524358485,"Disabled","F",0.0280639004006672
"<300",4.8592439016489e-05,"Disabled","M",0.00903246901109937
"300-399.9",0.000801775243772069,"Disabled","M",0.00711737538754372
"400-499.9",0.00206517865820078,"Disabled","M",0.0111898686876354
"500-599.9",0.00375781528394182,"Disabled","M",0.0129911076597906
"600-699.9",0.00506171239755094,"Disabled","M",0.0140245575725021
"700-799.9",0.00617123975509411,"Disabled","M",0.0147164435310123
"800-899.9",0.00711069357607956,"Disabled","M",0.0153878940392711
"900-999.9",0.00928115585214941,"Disabled","M",0.016024312347099
"1000-1099.9",0.0105850529657585,"Disabled","M",0.0190283235340484
"1100-1199.9",0.0327836988564579,"Disabled","M",0.0424969784727128
"1200-1299.9",0.0447455375943503,"Disabled","M",0.0466278587735227
"1300-1399.9",0.0497667562927208,"Disabled","M",0.0483094043942057
"1400-1499.9",0.0528928698694483,"Disabled","M",0.0494829831086407
"1500-1599.9",0.0535245715766627,"Disabled","M",0.0495326120592511
"1600-1699.9",0.0537432375522369,"Disabled","M",0.0492961447063426
"1700-1799.9",0.0502445819430497,"Disabled","M",0.0485312749969347
"1800-1899.9",0.0488677961709158,"Disabled","M",0.0481313240420153
"1900-1999.9",0.0465272603582882,"Disabled","M",0.0448966842022292
"2000-2099.9",0.0451342771064822,"Disabled","M",0.0431713483310076
"2100-2199.9",0.0416599177168033,"Disabled","M",0.0411832709565542
"2200-2299.9",0.0395623440992582,"Disabled","M",0.0381383888691022
"2300-2399.9",0.0369545498720399,"Disabled","M",0.0346614429763357
"2400-2499.9",0.033885127474165,"Disabled","M",0.0310735617822048
"2500-2599.9",0.0321196021898993,"Disabled","M",0.0284695015501749
"2600-2699.9",0.0289286986944831,"Disabled","M",0.0259033928686117
"2700-2799.9",0.0263613981664453,"Disabled","M",0.0228701881813033
"2800-2899.9",0.0245067867439826,"Disabled","M",0.0206398047538696
"2900-2999.9",0.0228708412970942,"Disabled","M",0.0191859684359874
"3000-3099.9",0.0204169231267615,"Disabled","M",0.0209872074081427
"3100-3199.9",0.0362580582461369,"Disabled","M",0.0263529727741416
"3200-3299.9",0.0307509151576015,"Disabled","M",0.0225928499278921
"3300+",0.102611033723153,"Disabled","M",0.0779524846588156
"<300",0.00223896322832157,"Retired, not reduced","F",0.00782072255846467
"300-399.9",0.00460963017595617,"Retired, not reduced","F",0.0106168833354652
"400-499.9",0.00741491939732378,"Retired, not reduced","F",0.0128643592729982
"500-599.9",0.00904804551680539,"Retired, not reduced","F",0.0145003152974231
"600-699.9",0.0116821199030661,"Retired, not reduced","F",0.0149390387580199
"700-799.9",0.0119982088294173,"Retired, not reduced","F",0.0155269955185128
"800-899.9",0.0130518385839216,"Retired, not reduced","F",0.0169542493340604
"900-999.9",0.0143161942893267,"Retired, not reduced","F",0.0188449118177065
"1000-1099.9",0.0161732167316405,"Retired, not reduced","F",0.0297557735334182
"1100-1199.9",0.0374301970287641,"Retired, not reduced","F",0.043656911521484
"1200-1299.9",0.0450295016331261,"Retired, not reduced","F",0.043230530664638
"1300-1399.9",0.0463728795701191,"Retired, not reduced","F",0.0428782054302968
"1400-1499.9",0.0462806869665999,"Retired, not reduced","F",0.0423250323712835
"1500-1599.9",0.0473211463491729,"Retired, not reduced","F",0.0422835163404853
"1600-1699.9",0.0453324201875461,"Retired, not reduced","F",0.04126805666826
"1700-1799.9",0.0443841534084923,"Retired, not reduced","F",0.0403199202892209
"1800-1899.9",0.0443578126646296,"Retired, not reduced","F",0.0396668843453146
"1900-1999.9",0.0429880939837741,"Retired, not reduced","F",0.038381009445458
"2000-2099.9",0.0405252344326204,"Retired, not reduced","F",0.0368527706901311
"2100-2199.9",0.0382994415762301,"Retired, not reduced","F",0.0343864940497429
"2200-2299.9",0.0362316931830155,"Retired, not reduced","F",0.0327909320012298
"2300-2399.9",0.0332815298704035,"Retired, not reduced","F",0.0304649122216462
"2400-2499.9",0.0319513223053419,"Retired, not reduced","F",0.0282813934126402
"2500-2599.9",0.0305289221367611,"Retired, not reduced","F",0.0263795103801298
"2600-2699.9",0.0279343588662944,"Retired, not reduced","F",0.0242666810289692
"2700-2799.9",0.0252476029923085,"Retired, not reduced","F",0.0225869648639733
"2800-2899.9",0.0231798545990939,"Retired, not reduced","F",0.0215692610819751
"2900-2999.9",0.0226530397218417,"Retired, not reduced","F",0.020726597862261
"3000-3099.9",0.0256953956379728,"Retired, not reduced","F",0.029829829155923
"3100-3199.9",0.0321488778843114,"Retired, not reduced","F",0.0301137090421915
"3200-3299.9",0.0295543146138447,"Retired, not reduced","F",0.0258757077361196
"3300+",0.112738383731957,"Retired, not reduced","F",0.120041919970557
"<300",0.000461992653190003,"Retired, not reduced","M",0.00415584966039015
"300-399.9",0.00134090550560025,"Retired, not reduced","M",0.00507136575079737
"400-499.9",0.0020169923151466,"Retired, not reduced","M",0.00634291587636294
"500-599.9",0.00318887611836026,"Retired, not reduced","M",0.00738876585464063
"600-699.9",0.00407905708426295,"Retired, not reduced","M",0.00772678626302014
"700-799.9",0.00392130349536881,"Retired, not reduced","M",0.00802030241700486
"800-899.9",0.00508191918509003,"Retired, not reduced","M",0.00875356298941435
"900-999.9",0.00500304239064296,"Retired, not reduced","M",0.00968815233170504
"1000-1099.9",0.00679467243594077,"Retired, not reduced","M",0.0144214976741229
"1100-1199.9",0.0164852500394384,"Retired, not reduced","M",0.0208290506818688
"1200-1299.9",0.0208234737340274,"Retired, not reduced","M",0.0217456263973806
"1300-1399.9",0.0226827124602799,"Retired, not reduced","M",0.0222945122015831
"1400-1499.9",0.0262209000969058,"Retired, not reduced","M",0.0232301611689784
"1500-1599.9",0.026457530480247,"Retired, not reduced","M",0.0237652718468206
"1600-1699.9",0.0268519144524824,"Retired, not reduced","M",0.024475220666928
"1700-1799.9",0.0285083271358709,"Retired, not reduced","M",0.0254691490150785
"1800-1899.9",0.0292858269668492,"Retired, not reduced","M",0.0259141915590264
"1900-1999.9",0.0287224212922273,"Retired, not reduced","M",0.0268954044059212
"2000-2099.9",0.0292407545128795,"Retired, not reduced","M",0.0279295985080479
"2100-2199.9",0.0299844500033804,"Retired, not reduced","M",0.0277939664946542
"2200-2299.9",0.0301309354787821,"Retired, not reduced","M",0.0281923855339981
"2300-2399.9",0.0323507538367926,"Retired, not reduced","M",0.0278405899992583
"2400-2499.9",0.0311450656931017,"Retired, not reduced","M",0.0275936973498776
"2500-2599.9",0.0309422396502378,"Retired, not reduced","M",0.0272101130619987
"2600-2699.9",0.028947783562076,"Retired, not reduced","M",0.0265605628728556
"2700-2799.9",0.0300745949113199,"Retired, not reduced","M",0.0264005594820553
"2800-2899.9",0.029792892074009,"Retired, not reduced","M",0.0269801744142922
"2900-2999.9",0.0300295224573502,"Retired, not reduced","M",0.0269314316594789
"3000-3099.9",0.0338719491582719,"Retired, not reduced","M",0.0391934133703496
"3100-3199.9",0.0522840466049174,"Retired, not reduced","M",0.0435082067964354
"3200-3299.9",0.053196763797805,"Retired, not reduced","M",0.0397030930456804
"3300+",0.300081130417146,"Retired, not reduced","M",0.317974420649974
"<300",0.00276612179286445,"Retired, reduced","F",0.0090892749016046
"300-399.9",0.00724410763867143,"Retired, reduced","F",0.0154528080532849
"400-499.9",0.0100415440178702,"Retired, reduced","F",0.018755676657584
"500-599.9",0.0127972276152899,"Retired, reduced","F",0.020299727520436
"600-699.9",0.0155946639944886,"Retired, reduced","F",0.0210585074174992
"700-799.9",0.0162522703075092,"Retired, reduced","F",0.0209544353617923
"800-899.9",0.0176196739107743,"Retired, reduced","F",0.0207037163184983
"900-999.9",0.0193106615728273,"Retired, reduced","F",0.0206365425370875
"1000-1099.9",0.021012087430325,"Retired, reduced","F",0.0220386769603391
"1100-1199.9",0.0492160915220977,"Retired, reduced","F",0.0513084695731153
"1200-1299.9",0.0591115008037411,"Retired, reduced","F",0.0553417347865577
"1300-1399.9",0.0580572430638191,"Retired, reduced","F",0.054415493490766
"1400-1499.9",0.0575666478779149,"Retired, reduced","F",0.0525847714199213
"1500-1599.9",0.0546022003715998,"Retired, reduced","F",0.0501797608234938
"1600-1699.9",0.0511158430930461,"Retired, reduced","F",0.048064259763851
"1700-1799.9",0.0478695643097221,"Retired, reduced","F",0.0460812140478353
"1800-1899.9",0.0457819252207678,"Retired, reduced","F",0.0435219875870421
"1900-1999.9",0.0427548485417841,"Retired, reduced","F",0.0404017181350288
"2000-2099.9",0.0392789294586752,"Retired, reduced","F",0.0376315092340297
"2100-2199.9",0.0359178305254588,"Retired, reduced","F",0.0343456706024826
"2200-2299.9",0.0332247761007077,"Retired, reduced","F",0.0313550181653043
"2300-2399.9",0.0304377779169537,"Retired, reduced","F",0.0288336360884045
"2400-2499.9",0.0289764305546857,"Retired, reduced","F",0.0264920148349985
"2500-2599.9",0.0263668816934928,"Retired, reduced","F",0.023827770208901
"2600-2699.9",0.0241957370409804,"Retired, reduced","F",0.0216706403269755
"2700-2799.9",0.021607064570677,"Retired, reduced","F",0.0198730320920375
"2800-2899.9",0.019780380367842,"Retired, reduced","F",0.0177300938540721
"2900-2999.9",0.0180998309012338,"Retired, reduced","F",0.0162475401150469
"3000-3099.9",0.0193732907454959,"Retired, reduced","F",0.0181255676657584
"3100-3199.9",0.0232458612555061,"Retired, reduced","F",0.0228599000908265
"3200-3299.9",0.0231519174965032,"Retired, reduced","F",0.0210433696639419
"3300+",0.0676290682866746,"Retired, reduced","F",0.0690754617014835
"<300",0.000597284048008114,"Retired, reduced","M",0.00431904819715916
"300-399.9",0.001859469206063,"Retired, reduced","M",0.00735219133179556
"400-499.9",0.00293007268834169,"Retired, reduced","M",0.00946752458419328
"500-599.9",0.00396686763960106,"Retired, reduced","M",0.0107903362874833
"600-699.9",0.0052966698596946,"Retired, reduced","M",0.0114352312735219
"700-799.9",0.00596157096974136,"Retired, reduced","M",0.0118878232366153
"800-899.9",0.00700963543134051,"Retired, reduced","M",0.0119091902391647
"900-999.9",0.00684059277624387,"Retired, reduced","M",0.0120956658977783
"1000-1099.9",0.00894799120978194,"Retired, reduced","M",0.0128425397596212
"1100-1199.9",0.0212317574801375,"Retired, reduced","M",0.0293757435959694
"1200-1299.9",0.028590747732011,"Retired, reduced","M",0.0325681680223382
"1300-1399.9",0.0312503521721981,"Retired, reduced","M",0.0323263324025738
"1400-1499.9",0.0338648785710261,"Retired, reduced","M",0.03203496418599
"1500-1599.9",0.0333802896264157,"Retired, reduced","M",0.0318649993929829
"1600-1699.9",0.0346875528258297,"Retired, reduced","M",0.0321272307879082
"1700-1799.9",0.0350030991153434,"Retired, reduced","M",0.0326225567561005
"1800-1899.9",0.0342255029018989,"Retired, reduced","M",0.0327575573631176
"1900-1999.9",0.0365695610525723,"Retired, reduced","M",0.0328925579701348
"2000-2099.9",0.0345072406603933,"Retired, reduced","M",0.0333820565739954
"2100-2199.9",0.0364906744801938,"Retired, reduced","M",0.0338103678523734
"2200-2299.9",0.0355214965909731,"Retired, reduced","M",0.0334354740803691
"2300-2399.9",0.0344508931086944,"Retired, reduced","M",0.0334811217676338
"2400-2499.9",0.0337521834676283,"Retired, reduced","M",0.0325400024280685
"2500-2599.9",0.0326252324336508,"Retired, reduced","M",0.0317028044190846
"2600-2699.9",0.0316109765030709,"Retired, reduced","M",0.0305586985552993
"2700-2799.9",0.0317687496478278,"Retired, reduced","M",0.0295000607017118
"2800-2899.9",0.0302811742829774,"Retired, reduced","M",0.0276498725264052
"2900-2999.9",0.0281061587874007,"Retired, reduced","M",0.0262755857715188
"3000-3099.9",0.0340001126951034,"Retired, reduced","M",0.0313997814738376
"3100-3199.9",0.0454386656899758,"Retired, reduced","M",0.041460725992473
"3200-3299.9",0.0503634417084578,"Retired, reduced","M",0.0408352555542066
"3300+",0.208869104637403,"Retired, reduced","M",0.193298531018575
