"year","group","n","tr","gap_pct"
2001,"child",1236334.44390574,1482000,-16.5766232182363
2001,"spouse",75096.9021996424,157000,-52.1675782167883
2002,"child",1269884.50424992,1526000,-16.7834531946314
2002,"spouse",75559.4397103943,152000,-50.2898422957932
2003,"child",1310941.56285638,1571000,-16.5536879149341
2003,"spouse",78599.2908902352,151000,-47.9474894766655
2004,"child",1348131.10447315,1599000,-15.6891116652189
2004,"spouse",81153.824965632,153000,-46.9582843361883
2005,"child",1381121.54010912,1633000,-15.4242780092392
2005,"spouse",82808.1192114684,157000,-47.2559750245424
2006,"child",1406283.22728804,1652000,-14.8738966532664
2006,"spouse",84198.4958454464,156000,-46.0266052272779
2007,"child",1430851.15010777,1665000,-14.0629939875212
2007,"spouse",86158.1668033162,154000,-44.0531384394051
2008,"child",1461933.93054511,1692000,-13.5972854287758
2008,"spouse",89287.466105121,155000,-42.3951831579864
2009,"child",1513840.4383211,1749000,-13.4453723086847
2009,"spouse",90402.7358293505,159000,-43.1429334406601
2010,"child",1564981.61123044,1820000,-14.0119993829431
2010,"spouse",89810.9667280859,161000,-44.2167908521205
2011,"child",1598391.36324918,1874000,-14.7069710112498
2011,"spouse",90742.991305106,164000,-44.668907740789
2012,"child",1615633.16260847,1900000,-14.9666756521857
2012,"spouse",93158.9263892823,163000,-42.8472844237532
2013,"child",1609045.25566066,1889000,-14.8202617437449
2013,"spouse",95282.0608292127,157000,-39.3107892807562
2014,"child",1573244.87811375,1828000,-13.9362758143466
2014,"spouse",96501.5744724242,150000,-35.6656170183839
2015,"child",1526740.44025286,1756000,-13.0557835846888
2015,"spouse",96217.6139999103,143000,-32.714955244818
2016,"child",1468789.65870228,1667000,-11.8902424293774
2016,"spouse",95897.0072523885,136000,-29.4874946673614
2017,"child",1417207.47305654,1590000,-10.8674545247457
2017,"spouse",95596.1592412027,127000,-24.7274336683443
2018,"child",1357589.29418057,1507000,-9.91444630520466
2018,"spouse",94773.7366676717,119000,-20.3582044809482
2019,"child",1303475.12235991,1434000,-9.10215325244704
2019,"spouse",95130.2526424154,114000,-16.5524099627935
2020,"child",1248165.59407893,1364000,-8.49225849861222
2020,"spouse",94401.4305308684,105000,-10.0938756848872
2021,"child",1170381.67023855,1245000,-5.99344014148185
2021,"spouse",95896.4373350252,97000,-1.13769346904622
2022,"child",1096174.77185748,1146000,-4.34775114681683
2022,"spouse",97493.7028845248,92000,5.97141617883128
2023,"child",1033190.92406193,1061000,-2.62102506485117
2023,"spouse",94701.7828334954,89000,6.40649756572513
2024,"child",990708.457770403,1006000,-1.52003401884666
2024,"spouse",91982.6681695884,87000,5.72720479263031
2025,"child",948403,949000,-0.0629083245521578
2025,"spouse",89448,91000,-1.70549450549451
2026,"child",933849.823443095,923000,1.17549549762674
2026,"spouse",91760.4956051349,89000,3.10168045520778
2027,"child",943901.868802973,927000,1.82328681801216
2027,"spouse",92243.0739851511,87000,6.02652182201273
2028,"child",958797.902094682,934000,2.65502163754621
2028,"spouse",92962.014408884,85000,9.36707577515761
2029,"child",979777.729965176,945000,3.68018306509799
2029,"spouse",93934.6298309776,84000,11.8269402749734
2030,"child",993947.242279662,951000,4.51600865190982
2030,"spouse",95151.3742066171,83000,14.6402098874905
2031,"child",1004847.16684872,956000,5.10953628124737
2031,"spouse",96549.6767792908,83000,16.324911782278
2032,"child",1016614.01489444,962000,5.67713252540927
2032,"spouse",99010.060639531,84000,17.8691198089655
2033,"child",1027321.38832169,967000,6.23799258755864
2033,"spouse",100229.53896986,85000,17.9171046704241
2034,"child",1038013.70390053,974000,6.57224886042389
2034,"spouse",100576.810211021,85000,18.3256590717896
2035,"child",1051102.6700923,983000,6.92804375303178
2035,"spouse",100568.084143374,86000,16.9396327248538
2036,"child",1066869.25055777,1009000,5.73530729016565
2036,"spouse",100601.97623563,83000,21.2072002838919
2037,"child",1083824.0149534,1035000,4.71729613076355
2037,"spouse",100350.41363125,80000,25.4380170390623
2038,"child",1103358.87547187,1066000,3.50458494107586
2038,"spouse",100479.286253019,77000,30.4925795493756
2039,"child",1121296.42816205,1097000,2.21480657812652
2039,"spouse",101215.096728515,76000,33.1777588533091
2040,"child",1138697.52395171,1129000,0.858948091382605
2040,"spouse",101874.771734859,76000,34.0457522827092
2041,"child",1157090.31232354,1165000,-0.678943148193578
2041,"spouse",103358.196043657,75000,37.8109280582093
2042,"child",1172649.5146106,1200000,-2.27920711578361
2042,"spouse",105339.328902092,76000,38.6043801343321
2043,"child",1188420.29270303,1235000,-3.77163621837846
2043,"spouse",107562.997020534,76000,41.5302592375449
2044,"child",1203097.70539068,1271000,-5.34243073244089
2044,"spouse",110370.88089978,77000,43.3388063633509
2045,"child",1217166.32903647,1307000,-6.87327245321577
2045,"spouse",112701.273959493,77000,46.365290856484
2046,"child",1230492.08911038,1332000,-7.62071403075202
2046,"spouse",114695.088395282,79000,45.183656196559
2047,"child",1243079.26942846,1355000,-8.25983251450494
2047,"spouse",116214.670091849,80000,45.2683376148109
2048,"child",1254829.36754902,1378000,-8.93836229687804
2048,"spouse",117157.752511585,81000,44.6392006315864
2049,"child",1265676.05137264,1400000,-9.59456775909732
2049,"spouse",118433.863333928,81000,46.214646091269
2050,"child",1275478.33576958,1420000,-10.1775819880578
2050,"spouse",119765.373586244,82000,46.0553336417607
2051,"child",1284176.64818389,1439000,-10.7590932464285
2051,"spouse",120918.415050318,83000,45.6848374100223
2052,"child",1291711.3353009,1456000,-11.2835621359272
2052,"spouse",122080.577188421,83000,47.0850327571334
2053,"child",1297993.92426789,1471000,-11.7611200361734
2053,"spouse",123631.247192017,84000,47.1800561809723
2054,"child",1303002.15303212,1485000,-12.2557472705646
2054,"spouse",124869.572580927,85000,46.9053795069726
2055,"child",1306697.33144704,1496000,-12.6539216947164
2055,"spouse",125617.424128896,85000,47.7852048575245
2056,"child",1309128.30480628,1505000,-13.0147305776556
2056,"spouse",126513.959414503,85000,48.839952252357
2057,"child",1310409.09249346,1511000,-13.275374421346
2057,"spouse",126955.201117478,84000,51.1371441874736
2058,"child",1310668.89349097,1515000,-13.4872017497708
2058,"spouse",126888.573250637,83000,52.8777990971525
2059,"child",1310170.95601589,1517000,-13.6340833212995
2059,"spouse",126529.146803737,82000,54.3038375655327
2060,"child",1309090.73305053,1517000,-13.7052911634455
2060,"spouse",126043.452126109,82000,53.7115269830596
2061,"child",1307720.40357135,1516000,-13.7387596588817
2061,"spouse",125536.660338562,82000,53.0934882177591
2062,"child",1306222.87862536,1514000,-13.723720037955
2062,"spouse",125350.340000135,82000,52.8662682928475
2063,"child",1304768.75301799,1511000,-13.6486596281938
2063,"spouse",124752.878221529,82000,52.1376563677185
2064,"child",1303507.98342778,1507000,-13.5031198787139
2064,"spouse",124113.532635912,82000,51.3579666291612
2065,"child",1302529.93104424,1503000,-13.3379952731708
2065,"spouse",123742.066576871,82000,50.9049592400868
2066,"child",1301934.94891998,1499000,-13.1464343615756
2066,"spouse",123127.713302533,82000,50.1557479299189
2067,"child",1301759.86999291,1494000,-12.8674785814655
2067,"spouse",122652.119733859,81000,51.4223700418007
2068,"child",1302082.79592989,1490000,-12.6118928906117
2068,"spouse",122954.039967511,81000,51.7951110710008
2069,"child",1302956.26358041,1486000,-12.3178826661903
2069,"spouse",123479.907111934,82000,50.5852525755289
2070,"child",1304383.69819666,1483000,-12.0442550103396
2070,"spouse",124519.381700633,81000,53.7276317291761
2071,"child",1306366.91446685,1480000,-11.7319652387266
2071,"spouse",125531.431566398,81000,54.9770760078991
2072,"child",1308870.98557034,1478000,-11.4430997584341
2072,"spouse",126662.380195443,81000,56.3733088832631
2073,"child",1311832.02307925,1476000,-11.1224916612976
2073,"spouse",127010.945615613,81000,56.8036365624857
2074,"child",1315199.7082635,1475000,-10.8339180838305
2074,"spouse",127536.024298077,80000,59.4200303725968
2075,"child",1318908.37975791,1474000,-10.5218195550944
2075,"spouse",128028.374052207,80000,60.0354675652584
2076,"child",1322903.16214922,1475000,-10.3116500237816
2076,"spouse",128676.634639175,80000,60.8457932989689
2077,"child",1327087.66701263,1477000,-10.1497855780207
2077,"spouse",129130.42174427,79000,63.4562300560378
2078,"child",1331359.420925,1480000,-10.0432823699327
2078,"spouse",129431.137497925,79000,63.8368829087661
2079,"child",1335610.33275004,1484000,-9.99930372304296
2079,"spouse",129710.687950266,79000,64.1907442408435
2080,"child",1339773.92038614,1487000,-9.9008795974353
2080,"spouse",129865.806424528,79000,64.3870967399082
2081,"child",1343758.40303972,1492000,-9.93576387133271
2081,"spouse",129486.744387149,79000,63.907271376138
2082,"child",1347503.14980811,1496000,-9.92626003956509
2082,"spouse",129261.570336873,79000,63.6222409327506
2083,"child",1350966.15367629,1501000,-9.99559269311839
2083,"spouse",129027.60167795,78000,65.4200021512176
2084,"child",1354120.65024964,1506000,-10.084950182627
2084,"spouse",128842.600385868,78000,65.1828210075225
2085,"child",1356934.16420123,1511000,-10.1962829780785
2085,"spouse",128246.871785247,78000,64.4190663913419
2086,"child",1359385.12266695,1516000,-10.330796657853
2086,"spouse",127886.194357051,78000,63.9566594321166
2087,"child",1361483.73416353,1521000,-10.4875914422401
2087,"spouse",127540.839060581,78000,63.5138962315139
2088,"child",1363214.75384956,1526000,-10.6674473230957
2088,"spouse",127234.080948389,79000,61.0557986688468
2089,"child",1364580.96054999,1530000,-10.8117019248371
2089,"spouse",126989.350220442,80000,58.7366877755531
2090,"child",1365641.36936648,1534000,-10.9751388939716
2090,"spouse",126975.619725312,80000,58.7195246566404
2091,"child",1366416.95708361,1537000,-11.0984413088086
2091,"spouse",127115.050385462,81000,56.932160969706
2092,"child",1366993.46700401,1540000,-11.234190454285
2092,"spouse",127379.251296927,82000,55.3405503621059
2093,"child",1367426.85035562,1542000,-11.3212159302453
2093,"spouse",127635.554798091,82000,55.6531156074281
2094,"child",1367768.30954739,1544000,-11.4139695888999
2094,"spouse",127663.161192301,83000,53.8110375810851
2095,"child",1368085.50885279,1546000,-11.5080524674783
2095,"spouse",127960.151555158,83000,54.1688572953712
2096,"child",1368443.93639216,1547000,-11.5420855596534
2096,"spouse",128487.948373784,84000,52.961843302124
2097,"child",1368907.85612817,1547000,-11.5120972121417
2097,"spouse",128668.877723664,84000,53.1772353853142
2098,"child",1369516.14299251,1548000,-11.5299649229646
2098,"spouse",129456.68399787,84000,54.1150999974645
2099,"child",1370307.10590833,1548000,-11.4788691273688
2099,"spouse",130213.186332444,85000,53.1919839205223
2100,"child",1371301.79377918,1548000,-11.4146128049624
2100,"spouse",131109.464776211,85000,54.2464291484837
