"year","entitlements","deaths","recoveries","conversions","entitled","stock","tr_dw","gap_pct","death_adj","recovery_adj","prev_adj","prev_adj_M","prev_adj_F"
2026,960393.241526894,247360.557304373,103534.482637023,462294.760034324,7986236.37030868,7135000,7135000,0,26.2989627548443,18.7001217021159,36.38824331936,35.6735759524178,37.2228985866318
2027,843071.189658686,259899.831992272,95225.7957392406,558719.994405625,7915461.93783023,7143000,7143000,0,27.9510436769116,16.8069701601122,36.3554657221365,35.707925155473,37.1117240455721
2028,804993.487696577,255885.408068438,91099.8373053617,560273.923754553,7813196.25639845,7156000,7156000,0,28.0969301730963,15.9861170518548,36.2201527111979,35.5691250567307,36.9804835812999
2029,856668.517715505,249096.643767516,86712.5175874918,553841.555006735,7780214.05775222,7192000,7192000,0,27.7792062659072,14.9887475007351,36.3502547195504,35.6925262370881,37.1184114421258
2030,926033.31344124,246147.345668867,84854.3548767732,550480.796745488,7824764.87390233,7194000,7194000,0,27.6356453845335,14.3268594619884,36.7266345059226,36.0454348816514,37.5222030189978
2031,843703.525588798,245851.165037487,83075.644505905,545642.034907048,7793899.55504069,7190000,7190000,0,27.7845946587621,13.8164098674622,36.7108032069196,35.9978942977884,37.5434047830029
2032,899217.293261739,240103.850676203,81193.8427824049,513429.839277793,7858389.31556602,7237000,7237000,0,27.2236818618682,13.2798760875858,37.0527239615021,36.3169211665345,37.9120631546723
2033,871808.234348287,239122.1809121,77394.5282252388,492370.32396633,7921310.51681064,7306000,7306000,0,27.0485695234894,12.4429192114472,37.2827805605275,36.5274450161367,38.1649319219097
2034,881600.016879095,237107.162719353,74604.4562536841,484754.37545073,8006444.53926597,7388000,7388000,0,26.6586191507923,11.7955486611067,37.5459876679976,36.7756853612879,38.4456186116041
2035,891524.135397457,236182.925451208,71189.0459557037,490863.059662193,8099733.64359432,7475000,7475000,0,26.316326442116,11.0615046416295,37.8747693910432,37.092349852351,38.7885519693356
2036,923336.944976861,235642.278351638,72979.2523480509,506106.255896846,8208342.80197465,7565636.8126826,7587000,-0.281576213488799,25.9650984483087,11.1279081819226,38.3476912280336,37.5529469420797,39.2758677967271
2037,928442.709904021,235772.49229077,74350.17967819,529606.433363498,8297056.40654621,7646383.13203501,7657000,-0.138655713268798,25.7083614714533,11.1184208804955,38.8149906432804,38.0090890079431,39.7561978061529
2038,933915.716681341,234680.892552635,75686.7715125713,508923.542982506,8411680.91617984,7755770.57808319,7753000,0.0357355615012933,25.3818793791564,11.1250888559642,39.2866832728626,38.4713549580615,40.2388997920193
2039,940330.584869733,234364.063124973,76950.0881798826,484292.678699739,8556404.67104498,7895381.8979231,7882000,0.169777948783278,25.041889076622,11.1254700335846,39.7389573297956,38.9039769752906,40.7141253354903
2040,947174.474073034,235119.17607035,78166.1631937157,471038.911154778,8719254.89469917,8052855.94264203,8034000,0.234701800373838,24.7018506691531,11.1266892301249,40.1233995264966,39.2739385347041,41.1154793722228
2041,954370.057274174,236530.031606775,79348.8028726278,481447.328695466,8876298.78879847,8204740.78429338,8185000,0.241182459295985,24.3591702600937,11.1423654635908,40.5102199775166,39.6496978170316,41.5152180886323
2042,961175.267349982,237769.380066035,80434.3934007528,483795.414772483,9035474.86790918,8358854.28656292,8342000,0.202041315786672,24.0326902118894,11.1505239715448,40.8705257832799,39.9953981494636,41.8925815296129
2043,967194.139394698,239188.907745271,81341.5306546573,490374.696803802,9191763.87210015,8510600.57270857,8501000,0.112934627791672,23.7181321946644,11.1460318928342,41.2020412943542,40.3210350383193,42.2309626444996
2044,972825.868808095,240561.452726779,82142.0994007646,513686.179458509,9328200.00932219,8643142.16537942,8647000,-0.0446147174809286,23.4163287047811,11.1418951215474,41.5029371699249,40.604748068146,42.5519262513958
2045,977598.983452994,241346.541652381,82828.8406070311,521901.180251636,9459722.43026414,8771077.20170013,8790000,-0.215276431170264,23.1214037846334,11.138136839169,41.7444690133376,40.8287091836784,42.8139788311028
2046,981881.794006973,242018.695552072,83399.8649536689,543634.85244447,9572550.8113209,8880921.20599445,8917000,-0.404606863357071,22.82853800739,11.137282494505,41.9927265001273,41.0617670120219,43.0799878979555
2047,985158.069754213,242090.070072486,83851.7227514788,569630.716664821,9662136.37158633,8968309.00692707,9023000,-0.606128705230313,22.5444805094904,11.1298860837391,42.2237016400225,41.2761793806424,43.3303065883254
2048,987963.913915125,241464.937602099,84250.6782827568,567819.820681745,9756564.84893486,9060522.260764,9131000,-0.771851267506285,22.2663668241989,11.1240349041462,42.4518285027058,41.4890995268673,43.5761932740776
2049,990020.796510869,241041.888276374,84587.8156543005,585310.078402253,9835645.8631128,9138120.23648499,9226000,-0.952522908248499,21.9945525188935,11.1183797552485,42.6659599903395,41.6887099703455,43.8072837926553
2050,991609.938095057,240184.854983485,84889.2725094774,582243.499456581,9919938.17425831,9221013.88540604,9327000,-1.13633659905605,21.7259471993654,11.1113330868115,42.8323013106501,41.8465119259781,43.98359818021
2051,993263.666088468,239559.912303601,85145.3054990273,590858.244634798,9997638.37790935,9297492.17857807,9420000,-1.30050765840689,21.4596894067818,11.1080103534772,43.0047366164091,42.0160811353215,44.1593807809211
2052,994237.970721164,238789.723304866,85347.3214531011,605729.718819209,10062009.5850533,9361154.918133,9501000,-1.47189855664669,21.2034287353051,11.101052694056,43.1774711294067,42.190648915051,44.3299742338887
2053,994532.035146723,237676.764669926,85511.5983639781,607223.493124447,10126129.7640417,9424824.16148098,9578000,-1.59924659134492,20.9535529288758,11.0963110404214,43.3330151691236,42.3532727560981,44.4772498206933
2054,994392.955945929,236636.137810752,85629.3448214759,614745.381162256,10183511.8561932,9482181.57905529,9648000,-1.71868180912841,20.7123898505243,11.0922127375838,43.4775703438839,42.4983240749254,44.6212255520957
2055,993835.277448526,235430.972563969,85693.0906263585,632539.919978266,10223683.1504731,9522806.30725798,9698000,-1.80649301651912,20.4770233217341,11.0862676733824,43.5941206155568,42.6219282691721,44.729537594484
2056,992999.203901696,233747.6244202,85715.9534248628,648972.761625141,10248246.0149046,9548051.86634681,9729000,-1.85988419830595,20.2427748340372,11.0849511618828,43.708616862289,42.7481029109344,44.8303947212898
2057,992100.871253852,231598.735890146,85706.0067931444,668615.120050206,10254427.0234249,9555063.22855314,9737000,-1.86850951470536,20.0109240159382,11.0828069441233,43.8099276207892,42.857161847398,44.9226564342507
2058,991691.44556233,228946.454538551,85699.3838243104,663359.286777547,10268113.3438469,9568949.9437612,9748000,-1.83678761016414,19.7815858817392,11.0832157133147,43.9031197924932,42.9565303297253,45.0086353338334
2059,991769.084694584,226533.615708772,85700.960067519,662106.033614225,10285541.8191509,9586214.14460751,9758000,-1.76046172773615,19.5522702372403,11.0847653783308,43.9939869203681,43.057375585764,45.0878490721529
2060,992263.381730404,224261.722842179,85720.6439954332,654605.031372785,10313217.8026709,9613295.03243509,9778000,-1.68444433999704,19.3283496657587,11.0851398853328,44.0692993945564,43.1426647563248,45.1515098289656
2061,993430.000643153,222324.292307475,85752.698939024,650993.847968834,10347576.9640988,9646696.73123602,9801000,-1.574362501418,19.1049150089576,11.08575885307,44.1574053419682,43.2386371103221,45.2304286524161
2062,994736.726853591,220623.659805406,85789.9447286333,648013.265922128,10387886.8204962,9685881.60450861,9830000,-1.46610778729797,18.8876904804874,11.087179655703,44.2467385499613,43.3363901204223,45.3099284294969
2063,995833.754408948,219136.930402163,85825.0930105819,648410.723931953,10430347.8275604,9727353.44792074,9862000,-1.3653067539978,18.6753580953579,11.0897669822402,44.3240450218099,43.4191538474528,45.3808614092945
2064,996787.201177335,217741.796921371,85860.7272192464,647582.287465853,10475950.2171313,9772074.52222818,9896000,-1.25227847384619,18.4650687001972,11.0901275439652,44.3968659680158,43.4966584861431,45.4482123021816
2065,997325.154015856,216486.987206861,85882.5514312636,660176.188523492,10510729.6439855,9806413.58652364,9921000,-1.15498854426331,18.2608537600773,11.0917913034266,44.4611280937587,43.5694014606797,45.5025697009927
2066,997568.390269824,214994.100157059,85901.5490015624,662829.565752014,10544572.8193447,9839949.60438577,9945000,-1.05631368138992,18.0598487502286,11.0922918928334,44.5232573205547,43.6335135527545,45.5623831526103
2067,997189.970343542,213491.511790897,85904.2810704685,683513.005769399,10558853.9910575,9854569.85966533,9951000,-0.96904974710752,17.859233090748,11.0936917101384,44.5705954834928,43.684494342549,45.6054671158563
2068,996385.112641907,211511.655730161,85918.6691997785,676357.583583617,10581451.1951858,9877485.45410357,9966000,-0.888165220714721,17.657794640153,11.0976121701579,44.626338993299,43.7402747928889,45.6611674830587
2069,995403.390294245,209818.21510118,85932.4106223823,679507.639690473,10601596.3200661,9898193.22791108,9978000,-0.799827341039527,17.4630433215669,11.0973462904549,44.6753745739337,43.8002354527208,45.6974437363207
2070,993909.592957481,208104.150292403,85933.1910864199,691052.898819927,10610415.6728248,9908034.1706428,9979000,-0.711151712167546,17.2736902629197,11.09885603924,44.7306712188542,43.8563820273888,45.7517477539388
2071,991606.15732232,206144.581855897,85926.1198830124,697747.838805865,10612203.2896023,9911317.54528935,9972000,-0.608528426701271,17.0877287772046,11.0969307357594,44.7839165830631,43.915865809798,45.797707311
2072,988777.983753368,204054.516890371,85915.3257993224,705196.466572209,10605814.9640938,9906850.74533799,9956000,-0.493664671173288,16.9060713937871,11.0962811906374,44.8250742482593,43.9594963739091,45.8359768939915
2073,985594.711895124,201786.857653788,85897.2750673715,720179.561694605,10583545.9815732,9886928.53267145,9925000,-0.383591610363232,16.7258270081192,11.0948177853198,44.8751813332339,44.0111492556219,45.8842786532309
2074,982182.923639507,199117.544719078,85883.3970709639,731613.795777647,10549114.167645,9855013.664378,9881000,-0.262992972593845,16.5457610228218,11.0906941982383,44.9136074281719,44.0538380016702,45.917726426272
2075,978692.266160047,196139.084973782,85893.1145166427,730350.842728626,10515423.391586,9823709.01146816,9837000,-0.135112214413291,16.3609766297413,11.093156219855,44.9553556491524,44.0988823613731,45.9556251087491
2076,975851.701615594,193220.56855972,85939.9346356029,711572.290776451,10500542.2992298,9810560.12382819,9812000,-0.014674645044932,16.1793533374618,11.0935078551882,44.9963472834337,44.1386286093637,45.9980712214008
2077,973295.103336766,190790.694434096,85997.3216861971,711739.111837813,10485310.2746085,9797052.6103975,9786000,0.112943086015704,16.001300435561,11.0936987737361,45.0391175577144,44.1866178615551,46.0347462860716
2078,970760.356272377,188380.129038255,86070.8050346017,703908.349075868,10477711.3477321,9791023.87598175,9769000,0.225446575716548,15.8269912433679,11.0940311175237,45.0998189183775,44.2536537235877,46.0880496246923
2079,968134.466893076,186192.29506475,86143.4875988153,707908.300485523,10465601.7314761,9780693.03344491,9747000,0.345675935620338,15.6592691480778,11.0901440350446,45.1287131041601,44.2863820722131,46.1124659171774
2080,965858.167027534,183935.374282392,86220.8631792807,709064.184181388,10452239.4768606,9768946.48871922,9724000,0.462222220477382,15.491864742125,11.08950892691,45.1743538796927,44.341280829006,46.1472943579364
2081,963585.078958465,181655.87398924,86292.4089499864,719746.937197725,10428129.3356821,9746517.24364956,9689000,0.593634468464876,15.330327109032,11.085883487274,45.208018353247,44.3764828843773,46.1791630999074
2082,961648.321394886,179113.75475413,86373.2990852258,721192.806641992,10403097.7965956,9722891.17328763,9652000,0.734471335346387,15.1652913160656,11.084608149677,45.2352563173523,44.4082849891561,46.201070634459
2083,960346.852046615,176543.518813009,86473.3423427011,718267.002963027,10382160.7845235,9702892.70641519,9617000,0.893134100189119,15.0002419560842,11.0845676089774,45.2795175569993,44.4605734640325,46.2359569194407
2084,959826.737452594,174065.620387625,86600.3929916222,706637.068046789,10374684.4405501,9695641.22476405,9594000,1.0594248985204,14.8386092845885,11.0839093625953,45.3058449319389,44.485805546525,46.2635634791486
2085,960291.760077155,171893.770564024,86752.5188705989,698715.801099001,10377614.1100936,9698193.03583976,9580000,1.23374776450684,14.6770939875679,11.0849832562989,45.3420808788594,44.5228081378683,46.2989040671438
2086,961350.210925663,169933.850130255,86921.2699912756,695262.873250626,10386846.3276471,9706620.73545974,9573000,1.39580837208544,14.5167808228468,11.0858533214717,45.3816316811369,44.5660335393171,46.3341633294752
2087,962968.773963815,168142.022255991,87110.9321274211,676396.552723606,10418165.5945039,9736470.0987853,9589000,1.5379090497998,14.3594320460916,11.0874791059077,45.422141570022,44.6158440815064,46.3638110471901
2088,965039.021259299,166836.637400488,87295.3489954984,683207.080235341,10445865.5491319,9762709.60065874,9603000,1.66312194791978,14.2063595571895,11.0871051359801,45.465398372485,44.6614148753084,46.40436535455
2089,967421.764882754,165445.197998421,87481.9847049253,683276.144664847,10477083.9866464,9792190.88588303,9623000,1.75819272454567,14.053369393253,11.0877332146131,45.5035708647989,44.695385426937,46.447445265459
2090,970170.677955619,164157.210414266,87679.4515850993,671143.978790306,10524274.0238124,9837200.04940233,9661000,1.82382827245964,13.903365096373,11.0891308558496,45.539109007923,44.7361217000461,46.476912547127
2091,973164.558112372,163218.337768395,87861.1660388656,684704.852674122,10561654.2254434,9872564.74284275,9691000,1.87353980851042,13.7571543451195,11.0887508021267,45.5716547084646,44.7710255916812,46.5067041319657
2092,976249.61902324,162072.368963923,88040.5081554013,683207.900450538,10604583.0668967,9913214.41403143,9728000,1.90393106529019,13.610863596682,11.0896340120758,45.6127069730046,44.8109409751749,46.5490841523228
2093,979337.624061487,161049.565748964,88214.9120009958,684762.311642943,10649893.9015653,9956234.52174908,9768000,1.92705284345904,13.4665531972663,11.0903158715826,45.6511058164565,44.8552247580548,46.5806100141353
2094,982420.624949313,160086.724519556,88386.3039179749,686464.217378917,10697377.2806982,10001450.6384647,9811000,1.94119496957221,13.3243377870401,11.0911149781379,45.6934875266161,44.8952204324513,46.6257783596021
2095,985556.261826028,159174.958359533,88554.1631063281,688681.927851199,10746522.4932072,10048267.0583192,9857000,1.94041856872431,13.1830071861111,11.0920043450219,45.7296432044078,44.9331747382834,46.6598334316612
2096,988685.503142197,158318.883436105,88717.479423112,692054.591885711,10796117.0416044,10095604.9980646,9904000,1.93462235525645,13.044387311181,11.0928365087457,45.7650715444012,44.9681324691986,46.6958113928688
2097,991614.166654882,157487.168072682,88873.0292417811,695994.839483779,10845376.1714611,10142681.1344071,9951000,1.92624996891886,12.9071715324281,11.0935483193084,45.8004343669318,45.0093096724735,46.724383638778
2098,994309.822196209,156673.486435435,89019.3456449786,700849.299313305,10893143.8622636,10188448.6008293,9998000,1.90486698168952,12.7723504527456,11.0940188158121,45.8370839967964,45.0484198710561,46.7581595867928
2099,996647.687208707,155849.619234778,89157.4318928001,706586.78390935,10938197.7144353,10231756.9123786,10042000,1.88963266658611,12.6392021164575,11.094371009153,45.8754820261333,45.0852896464926,46.7983424537013
2100,998595.710886357,154995.475030831,89287.6167588928,712730.202725131,10979780.1308068,10271874.9610742,10083000,1.87320203386105,12.5076062668656,11.0947279601054,45.9156239391308,45.1320315363903,46.8307762975488
