"version","status","sex","rmse_hist","mean_gap_hist","gap_age62_2025","gap_age62_2100"
"v1 latent, assumed teens, no immigrants","disability","M",0.0245,-0.0088,NA,NA
"v1 latent, assumed teens, no immigrants","disability","F",0.0244,0.0053,NA,NA
"v1 latent, assumed teens, no immigrants","fully","M",0.0127,-0.0016,-0.0129,0.0287
"v1 latent, assumed teens, no immigrants","fully","F",0.0222,-0.0033,-0.0136,0.0372
"v2 latent, Study 127 teens, no immigrants","disability","M",0.0242,-0.0079,NA,NA
"v2 latent, Study 127 teens, no immigrants","disability","F",0.0245,0.0061,NA,NA
"v2 latent, Study 127 teens, no immigrants","fully","M",0.0127,-6e-04,-0.0134,0.018
"v2 latent, Study 127 teens, no immigrants","fully","F",0.0222,-0.0031,-0.0164,0.0245
"v3 OCACT SLCT/SRCH, Study 127 teens, immigrants","disability","M",0.0431,-0.0381,NA,NA
"v3 OCACT SLCT/SRCH, Study 127 teens, immigrants","disability","F",0.0479,-0.0421,NA,NA
"v3 OCACT SLCT/SRCH, Study 127 teens, immigrants","fully","M",0.0302,-0.011,0.0129,0.0344
"v3 OCACT SLCT/SRCH, Study 127 teens, immigrants","fully","F",0.0413,-0.026,-0.0037,0.0104
