"status","sex","group","rate","v1","v2","v3"
"fully","M","20_24",0.757,0.759,0.763,0.738
"fully","M","25_29",0.888,0.91,0.911,0.839
"fully","M","30_34",0.899,0.918,0.916,0.851
"fully","M","35_39",0.893,0.908,0.908,0.865
"fully","M","40_44",0.891,0.903,0.903,0.877
"fully","M","45_49",0.891,0.903,0.903,0.889
"fully","M","50_54",0.902,0.905,0.906,0.904
"fully","M","55_59",0.916,0.911,0.912,0.924
"fully","M","60_64",0.924,0.914,0.913,0.938
"fully","M","65_69",0.923,0.922,0.922,0.95
"fully","M","70_74",0.929,0.929,0.93,0.957
"fully","M","75plus",0.937,0.932,0.932,0.955
"fully","M","u20",0.037,0.057,0.053,0.049
"fully","F","20_24",0.772,0.781,0.783,0.733
"fully","F","25_29",0.892,0.92,0.921,0.813
"fully","F","30_34",0.888,0.923,0.923,0.823
"fully","F","35_39",0.885,0.91,0.911,0.837
"fully","F","40_44",0.875,0.905,0.905,0.847
"fully","F","45_49",0.87,0.905,0.904,0.853
"fully","F","50_54",0.871,0.894,0.894,0.858
"fully","F","55_59",0.874,0.883,0.884,0.872
"fully","F","60_64",0.881,0.871,0.871,0.883
"fully","F","65_69",0.878,0.87,0.869,0.894
"fully","F","70_74",0.861,0.86,0.859,0.892
"fully","F","75plus",0.817,0.786,0.786,0.837
"fully","F","u20",0.043,0.06,0.056,0.051
"disability","M","20_24",0.691,0.697,0.699,0.646
"disability","M","25_29",0.789,0.811,0.812,0.761
"disability","M","30_34",0.806,0.825,0.824,0.778
"disability","M","35_39",0.805,0.836,0.835,0.797
"disability","M","40_44",0.791,0.822,0.821,0.792
"disability","M","45_49",0.772,0.812,0.81,0.793
"disability","M","50_54",0.794,0.793,0.793,0.78
"disability","M","55_59",0.807,0.778,0.78,0.77
"disability","M","60_64",0.8,0.736,0.733,0.73
"disability","M","u20",0.036,0.053,0.048,0.042
"disability","F","20_24",0.696,0.701,0.7,0.631
"disability","F","25_29",0.784,0.802,0.801,0.73
"disability","F","30_34",0.771,0.805,0.806,0.736
"disability","F","35_39",0.76,0.804,0.803,0.745
"disability","F","40_44",0.744,0.78,0.78,0.734
"disability","F","45_49",0.732,0.772,0.772,0.732
"disability","F","50_54",0.743,0.756,0.756,0.72
"disability","F","55_59",0.736,0.723,0.728,0.702
"disability","F","60_64",0.723,0.659,0.66,0.645
"disability","F","u20",0.042,0.054,0.049,0.042
