"status","sex","group","factor","kind"
"disability","M","20_24",0.936146320881635,"base, by age group"
"disability","M","25_29",0.960261461348471,"base, by age group"
"disability","M","30_34",0.956446100669862,"base, by age group"
"disability","M","35_39",0.98907703490959,"base, by age group"
"disability","M","40_44",0.998008958972558,"base, by age group"
"disability","M","45_49",1.00911860903717,"base, by age group"
"disability","M","50_54",1.03414082781069,"base, by age group"
"disability","M","55_59",1.06973492802028,"base, by age group"
"disability","M","60_64",1.09775362434591,"base, by age group"
"disability","M","u20",0.678213351752059,"base, by age group"
"disability","F","20_24",0.927827388347848,"base, by age group"
"disability","F","25_29",0.965858679464569,"base, by age group"
"disability","F","30_34",0.949999086110288,"base, by age group"
"disability","F","35_39",0.97229695799528,"base, by age group"
"disability","F","40_44",0.975958034460656,"base, by age group"
"disability","F","45_49",0.989083458231526,"base, by age group"
"disability","F","50_54",1.01570729948946,"base, by age group"
"disability","F","55_59",1.04691073885635,"base, by age group"
"disability","F","60_64",1.09837398978753,"base, by age group"
"disability","F","u20",0.717069280604684,"base, by age group"
"fully","M","20_24",0.976509340906565,"base, by age group"
"fully","M","25_29",0.98854655457132,"base, by age group"
"fully","M","30_34",0.963505099277251,"base, by age group"
"fully","M","35_39",0.974065159251307,"base, by age group"
"fully","M","40_44",0.979992681597359,"base, by age group"
"fully","M","45_49",0.984322003339367,"base, by age group"
"fully","M","50_54",0.992395678167388,"base, by age group"
"fully","M","55_59",0.998842394122011,"base, by age group"
"fully","M","60_64",0.99840881134694,"base, by age group"
"fully","M","65_69",0.980579519654308,"base, by age group"
"fully","M","70_74",0.973540867158631,"base, by age group"
"fully","M","75plus",0.989837179822856,"base, by age group"
"fully","M","u20",0.629147705956657,"base, by age group"
"fully","F","20_24",0.966642118722556,"base, by age group"
"fully","F","25_29",1.00263215922054,"base, by age group"
"fully","F","30_34",0.96966750360861,"base, by age group"
"fully","F","35_39",0.973765457587568,"base, by age group"
"fully","F","40_44",0.974467197067485,"base, by age group"
"fully","F","45_49",0.982757196937131,"base, by age group"
"fully","F","50_54",0.99663857398604,"base, by age group"
"fully","F","55_59",1.00930212082804,"base, by age group"
"fully","F","60_64",0.9952787987222,"base, by age group"
"fully","F","65_69",0.960413214095921,"base, by age group"
"fully","F","70_74",0.947770426435099,"base, by age group"
"fully","F","75plus",0.961986164330393,"base, by age group"
"fully","F","u20",0.658621863406954,"base, by age group"
"fully","M","all",1.00288411080564,"projection factor in 2100"
"fully","F","all",1.03936227608148,"projection factor in 2100"
"disability","M","all",0.993608415380684,"projection factor in 2100"
"disability","F","all",0.993608415380684,"projection factor in 2100"
