"year","group","model","tr","gap_pct"
2025,"mother",98855,99000,-0.14646464646465
2025,"rw_child",734922,734000,0.125613079019082
2025,"rw_spouse",2081746,2081000,0.0358481499279195
2025,"surv_child",2036045,2036000,0.00221021611002126
2026,"mother",95662.6077354905,95000,0.697481826832114
2026,"rw_child",727590.846575906,752000,-3.2458980617146
2026,"rw_spouse",2113685.12973353,2060000,2.60607425890937
2026,"surv_child",2022409.80947047,2033000,-0.520914438245501
2027,"mother",92792.54130635,92000,0.86145794168484
2027,"rw_child",727001.562815776,772000,-5.82881310676473
2027,"rw_spouse",2145026.75818094,2040000,5.14837049906556
2027,"surv_child",2020507.76389881,2033000,-0.614473000550186
2028,"mother",89992.4711760881,89000,1.11513615290804
2028,"rw_child",726412.293113987,791000,-8.16532324728354
2028,"rw_spouse",2180759.90520055,2022000,7.8516273590775
2028,"surv_child",2016959.33924482,2038000,-1.03241711261901
2029,"mother",87297.3809310415,86000,1.5085824779552
2029,"rw_child",727622.773085454,810000,-10.1700280141415
2029,"rw_spouse",2217442.06438839,2005000,10.5956141839595
2029,"surv_child",2014366.42936543,2043000,-1.40154530761463
2030,"mother",84497.4389046818,84000,0.592189172240176
2030,"rw_child",728369.66105815,831000,-12.3502212926414
2030,"rw_spouse",2259966.84769598,1988000,13.6804249344055
2030,"surv_child",2011490.28788524,2048000,-1.78270078685375
2031,"mother",81792.4180030634,83000,-1.4549180685983
2031,"rw_child",729008.743906252,850000,-14.2342654227939
2031,"rw_spouse",2308517.10563346,1973000,17.0054285673322
2031,"surv_child",2006606.64887768,2049000,-2.06897760479852
2032,"mother",79284.1644904787,81000,-2.11831544385342
2032,"rw_child",727719.196638281,867000,-16.0646832020437
2032,"rw_spouse",2360648.99493355,1960000,20.4412752517117
2032,"surv_child",1996574.37781225,2047000,-2.46339141122377
2033,"mother",77149.3897304409,80000,-3.56326283694892
2033,"rw_child",725974.581771157,880000,-17.5028884350957
2033,"rw_spouse",2409985.2840282,1949000,23.652400411914
2033,"surv_child",1983873.15130702,2042000,-2.84656457850065
2034,"mother",75307.1263821191,79000,-4.67452356693782
2034,"rw_child",723416.035258308,889000,-18.6258677999653
2034,"rw_spouse",2455258.17731801,1940000,26.559699861753
2034,"surv_child",1970787.45290969,2035000,-3.15540771942545
2035,"mother",73690.3142640959,78000,-5.52523812295398
2035,"rw_child",721162.454303028,896000,-19.5131189393942
2035,"rw_spouse",2497213.49321556,1933000,29.1884890437432
2035,"surv_child",1958349.1395488,2029000,-3.48205325042898
2036,"mother",72582.882161238,79000,-8.12293397311642
2036,"rw_child",718508.270500153,906000,-20.6944513796741
2036,"rw_spouse",2535387.91011367,1896000,33.7229910397504
2036,"surv_child",1947530.79539971,2027000,-3.9205330340547
2037,"mother",71531.5534578567,81000,-11.6894401754856
2037,"rw_child",715269.476378666,918000,-22.0839350350037
2037,"rw_spouse",2564041.80364593,1857000,38.0744105355911
2037,"surv_child",1936708.57312904,2036000,-4.87678913904536
2038,"mother",70653.3480274021,83000,-14.8754843043349
2038,"rw_child",715566.508737625,929000,-22.9745415782966
2038,"rw_spouse",2586745.37921126,1815000,42.5204065681134
2038,"surv_child",1930313.59618354,2039000,-5.33037782326912
2039,"mother",70166.0460022688,85000,-17.4517105855661
2039,"rw_child",715256.865579941,939000,-23.8278098423918
2039,"rw_spouse",2606214.08247658,1771000,47.1605918959107
2039,"surv_child",1922981.84826702,2043000,-5.87460360905427
2040,"mother",69616.981973779,88000,-20.8897932116148
2040,"rw_child",714662.587381648,948000,-24.6136511200794
2040,"rw_spouse",2619290.62634754,1727000,51.6670889604827
2040,"surv_child",1918732.50600216,2050000,-6.40329239013852
2041,"mother",69300.3260031224,90000,-22.9996377743085
2041,"rw_child",717260.193147585,959000,-25.2074876801267
2041,"rw_spouse",2632532.44990479,1680000,56.6983601133802
2041,"surv_child",1918515.12622019,2062000,-6.95852928127092
2042,"mother",69114.5661420782,92000,-24.8754715846976
2042,"rw_child",717252.529121925,971000,-26.1325922634475
2042,"rw_spouse",2644305.20374276,1636000,61.6323474170388
2042,"surv_child",1916488.67197248,2074000,-7.59456740730547
2043,"mother",69047.9493128725,94000,-26.5447347735399
2043,"rw_child",718532.67554587,985000,-27.0525202491503
2043,"rw_spouse",2656656.38186214,1591000,66.9802879863068
2043,"surv_child",1915841.96303933,2086000,-8.15714462898697
2044,"mother",69093.6429957452,96000,-28.0274552127654
2044,"rw_child",720056.672639379,1004000,-28.2812079044444
2044,"rw_spouse",2670550.43813136,1549000,72.4048055604491
2044,"surv_child",1914647.78275625,2095000,-8.60869772046519
2045,"mother",69217.3397456907,98000,-29.370061483989
2045,"rw_child",722207.626425299,1023000,-29.4029690688858
2045,"rw_spouse",2683709.64673183,1508000,77.9648306851344
2045,"surv_child",1913361.55109933,2104000,-9.06076278045028
2046,"mother",69387.618545109,98000,-29.1963076070316
2046,"rw_child",724463.558245789,1040000,-30.3400424763664
2046,"rw_spouse",2696919.00194071,1496000,80.2753343543253
2046,"surv_child",1914814.24809034,2104000,-8.9917182466569
2047,"mother",69593.7609362047,98000,-28.9859582283625
2047,"rw_child",727481.009502592,1056000,-31.1097528880121
2047,"rw_spouse",2707798.83691163,1487000,82.0981060465114
2047,"surv_child",1916333.77373972,2104000,-8.9194974458308
2048,"mother",69810.4787312714,97000,-28.0304342976584
2048,"rw_child",730137.050593345,1068000,-31.635107622346
2048,"rw_spouse",2717292.59489157,1480000,83.6008510061873
2048,"surv_child",1916106.25062179,2102000,-8.84366076965775
2049,"mother",70014.1203614301,97000,-27.8204944727525
2049,"rw_child",732945.744208402,1079000,-32.0717567925485
2049,"rw_spouse",2728905.78663123,1475000,85.0105618055072
2049,"surv_child",1914579.65290089,2100000,-8.82954033805305
2050,"mother",70186.8723741475,97000,-27.6423996142809
2050,"rw_child",735492.500852064,1090000,-32.52362377504
2050,"rw_spouse",2741726.16707816,1471000,86.3851915076928
2050,"surv_child",1912223.37143644,2097000,-8.81147489573485
2051,"mother",70323.8431079673,96000,-26.7459967625341
2051,"rw_child",737972.613800746,1100000,-32.9115805635685
2051,"rw_spouse",2753127.06852992,1468000,87.5427158399128
2051,"surv_child",1908454.7102067,2093000,-8.81726181525573
2052,"mother",70396.8258098697,96000,-26.669973114719
2052,"rw_child",740301.748658941,1111000,-33.3661792386192
2052,"rw_spouse",2764570.08548821,1468000,88.322212907916
2052,"surv_child",1905123.54850965,2088000,-8.75845074187522
2053,"mother",70382.2215252926,95000,-25.9134510260078
2053,"rw_child",742333.641029921,1122000,-33.8383564144456
2053,"rw_spouse",2779736.46239763,1469000,89.2264440025613
2053,"surv_child",1902494.23340545,2082000,-8.62179474517509
2054,"mother",70270.0648173123,94000,-25.2446118964763
2054,"rw_child",744406.833174846,1132000,-34.2396790481585
2054,"rw_spouse",2796012.46107553,1471000,90.0756261778063
2054,"surv_child",1899167.16664355,2075000,-8.47387148705797
2055,"mother",70061.210015852,94000,-25.4667978554766
2055,"rw_child",746322.212397495,1143000,-34.7049682941824
2055,"rw_spouse",2810607.21315943,1474000,90.6789154110877
2055,"surv_child",1892970.75706908,2065000,-8.33071394338585
2056,"mother",69764.6429524285,93000,-24.9842548898618
2056,"rw_child",748215.906098722,1155000,-35.2194020693747
2056,"rw_spouse",2827605.86260166,1476000,91.5722129133916
2056,"surv_child",1885326.95486443,2055000,-8.25659587034412
2057,"mother",69402.3098409087,92000,-24.5627066946645
2057,"rw_child",749906.005485681,1167000,-35.7407021863169
2057,"rw_spouse",2843687.35124341,1478000,92.4010386497572
2057,"surv_child",1876720.36295467,2043000,-8.13899349218452
2058,"mother",68975.8777701979,91000,-24.2023321206616
2058,"rw_child",751114.460213355,1178000,-36.2381612722109
2058,"rw_spouse",2858055.79744103,1480000,93.1118782054753
2058,"surv_child",1865773.86131091,2029000,-8.04465937353823
2059,"mother",68489.7667149288,90000,-23.9002592056346
2059,"rw_child",751660.012355997,1188000,-36.7289551888892
2059,"rw_spouse",2871353.42266402,1482000,93.7485440394073
2059,"surv_child",1853637.62670309,2014000,-7.96238199090916
2060,"mother",67964.8231093346,89000,-23.6350302142308
2060,"rw_child",751274.801793564,1196000,-37.1843811209395
2060,"rw_spouse",2881869.31322622,1485000,94.065273617927
2060,"surv_child",1842007.8372489,1998000,-7.80741555310802
2061,"mother",67411.3690611041,88000,-23.3961715214727
2061,"rw_child",750523.295826294,1202000,-37.5604579179456
2061,"rw_spouse",2890736.15103666,1486000,94.5313695179448
2061,"surv_child",1830485.32661834,1981000,-7.59791385066415
2062,"mother",66851.5409136163,87000,-23.1591483751537
2062,"rw_child",749532.738309868,1207000,-37.9011815816182
2062,"rw_spouse",2898121.91980063,1489000,94.6354546541726
2062,"surv_child",1818542.52750204,1963000,-7.3590154099827
2063,"mother",66297.8946264789,86000,-22.9094248529315
2063,"rw_child",748192.785496736,1210000,-38.1658854961375
2063,"rw_spouse",2901486.79283117,1491000,94.6000531744578
2063,"surv_child",1803779.63843222,1946000,-7.30834334880664
2064,"mother",65757.8979360282,85000,-22.6377671340845
2064,"rw_child",746716.223093044,1211000,-38.338875054249
2064,"rw_spouse",2904257.33952445,1493000,94.5249390170431
2064,"surv_child",1789791.30177551,1929000,-7.21662510235841
2065,"mother",65206.7583900251,84000,-22.3729066785416
2065,"rw_child",745276.799739599,1212000,-38.5085148729704
2065,"rw_spouse",2905696.85131336,1494000,94.4910877719788
2065,"surv_child",1776309.80351569,1912000,-7.09676759855195
2066,"mother",64681.7368124833,83000,-22.0701966114659
2066,"rw_child",743586.668845077,1213000,-38.6985433763333
2066,"rw_spouse",2906403.81996706,1496000,94.2783302117021
2066,"surv_child",1762467.30451238,1896000,-7.04286368605587
2067,"mother",64180.4941025323,82000,-21.7311047530094
2067,"rw_child",741701.163396021,1215000,-38.9546367575291
2067,"rw_spouse",2904585.19577014,1495000,94.2866351685712
2067,"surv_child",1749923.32498971,1881000,-6.96845693834616
2068,"mother",63697.8321854652,82000,-22.3197168469936
2068,"rw_child",739676.917372364,1217000,-39.2212886300441
2068,"rw_spouse",2904716.01967714,1495000,94.2953859315812
2068,"surv_child",1737777.09312549,1867000,-6.92141975760636
2069,"mother",63240.3126768151,81000,-21.9255399051665
2069,"rw_child",737899.333450095,1220000,-39.5164480778611
2069,"rw_spouse",2902894.25132296,1495000,94.1735285165858
2069,"surv_child",1726528.24884479,1853000,-6.82524291177626
2070,"mother",62808.5420286075,80000,-21.4893224642406
2070,"rw_child",736457.862146471,1223000,-39.7826768482035
2070,"rw_spouse",2904075.90654213,1494000,94.3825907993394
2070,"surv_child",1716950.84485317,1840000,-6.6874540840669
2071,"mother",62408.1903363481,79000,-21.0022907134834
2071,"rw_child",735461.842547243,1224000,-39.913248157905
2071,"rw_spouse",2906921.45938873,1492000,94.8338779751157
2071,"surv_child",1707428.19374506,1829000,-6.6469002873123
2072,"mother",62028.317254826,79000,-21.4831427154101
2072,"rw_child",735024.10344684,1225000,-39.9980323716865
2072,"rw_spouse",2909832.08986761,1490000,95.2907442864168
2072,"surv_child",1698108.57016393,1818000,-6.59468810979503
2073,"mother",61684.0268723006,78000,-20.9179142662813
2073,"rw_child",734919.990178007,1227000,-40.104320278891
2073,"rw_spouse",2910668.77316772,1487000,95.7410069379771
2073,"surv_child",1688581.1472328,1809000,-6.65665299984525
2074,"mother",61339.521714537,78000,-21.3595875454654
2074,"rw_child",734931.012254488,1229000,-40.2008940395047
2074,"rw_spouse",2912997.60158905,1484000,96.2936389210953
2074,"surv_child",1680708.53130694,1800000,-6.62730381628139
2075,"mother",61023.2648507654,77000,-20.7490066873177
2075,"rw_child",734951.020205876,1230000,-40.2478845361076
2075,"rw_spouse",2913217.03122018,1482000,96.5733489352349
2075,"surv_child",1673254.17479896,1792000,-6.62644113845081
2076,"mother",60707.5125825088,77000,-21.1590745681704
2076,"rw_child",734996.317759,1230000,-40.2442018082114
2076,"rw_spouse",2915641.53666821,1479000,97.1360065360519
2076,"surv_child",1665558.06788782,1785000,-6.69142476818935
2077,"mother",60396.3407900136,76000,-20.5311305394558
2077,"rw_child",735315.568069083,1231000,-40.2668100674994
2077,"rw_spouse",2916992.87979718,1476000,97.6282438886979
2077,"surv_child",1659016.78840009,1778000,-6.69196915635015
2078,"mother",60089.6854962998,76000,-20.9346243469739
2078,"rw_child",735840.219929942,1230000,-40.1755918756144
2078,"rw_spouse",2915550.19878581,1473000,97.9328037193356
2078,"surv_child",1652932.4809678,1772000,-6.71938594989841
2079,"mother",59772.1145294125,75000,-20.3038472941166
2079,"rw_child",736736.624865855,1228000,-40.0051608415427
2079,"rw_spouse",2914516.89484246,1471000,98.1316719811325
2079,"surv_child",1646563.49039769,1766000,-6.76310926400414
2080,"mother",59438.761448523,75000,-20.748318068636
2080,"rw_child",738044.930226282,1226000,-39.8005766536475
2080,"rw_spouse",2915310.49386153,1468000,98.5906330968342
2080,"surv_child",1639514.42110473,1760000,-6.84577152814053
2081,"mother",59091.5313320962,75000,-21.211291557205
2081,"rw_child",739931.282098299,1226000,-39.6467143476102
2081,"rw_spouse",2911792.43744976,1463000,99.0288747402433
2081,"surv_child",1631998.78911213,1754000,-6.9555992524439
2082,"mother",58736.4437058811,74000,-20.626427424485
2082,"rw_child",741824.359051511,1226000,-39.4923035031394
2082,"rw_spouse",2911156.80127779,1460000,99.3943014573828
2082,"surv_child",1624486.16727658,1748000,-7.06600873703803
2083,"mother",58357.9948389542,74000,-21.1378448122241
2083,"rw_child",743485.25025861,1227000,-39.4062550726479
2083,"rw_spouse",2907258.67710005,1457000,99.5373148318494
2083,"surv_child",1616999.91448442,1741000,-7.12234839262401
2084,"mother",57963.9170773658,73000,-20.5973738666222
2084,"rw_child",745077.110468012,1227000,-39.2765191142615
2084,"rw_spouse",2905084.94858756,1455000,99.6621957792135
2084,"surv_child",1609648.97295753,1734000,-7.17133950648601
2085,"mother",57552.7326965749,73000,-21.1606401416783
2085,"rw_child",745952.848353404,1225000,-39.1058899303343
2085,"rw_spouse",2899926.24788764,1453000,99.5819854017646
2085,"surv_child",1602717.51274807,1728000,-7.25014393819033
2086,"mother",57132.7941116529,72000,-20.6488970671488
2086,"rw_child",746734.087251446,1224000,-38.9923131330518
2086,"rw_spouse",2894899.43439018,1451000,99.5106433073864
2086,"surv_child",1594659.82657496,1720000,-7.2872193851765
2087,"mother",56686.3743571388,72000,-21.2689245039739
2087,"rw_child",747246.654079624,1221000,-38.8004378313166
2087,"rw_spouse",2891185.55402129,1450000,99.3921071738822
2087,"surv_child",1585357.47685845,1712000,-7.3973436414454
2088,"mother",56237.0564854032,71000,-20.7928781895729
2088,"rw_child",747699.696522146,1218000,-38.6125043906284
2088,"rw_spouse",2885493.45249781,1449000,99.1368842303523
2088,"surv_child",1576281.76815534,1704000,-7.49520139933446
2089,"mother",55778.3054876266,71000,-21.4390063554555
2089,"rw_child",748109.580669206,1216000,-38.4778305370718
2089,"rw_spouse",2878200.29028167,1449000,98.6335604059124
2089,"surv_child",1567168.31998483,1696000,-7.59620754806437
2090,"mother",55314.1571034836,70000,-20.979775566452
2090,"rw_child",748312.613342599,1213000,-38.3089354210553
2090,"rw_spouse",2872134.08697326,1449000,98.2149128345938
2090,"surv_child",1558344.42068562,1688000,-7.68101773189482
2091,"mother",54831.8692305971,70000,-21.6687582420042
2091,"rw_child",748623.573286304,1211000,-38.1813729738808
2091,"rw_spouse",2869333.98673299,1451000,97.7487241028936
2091,"surv_child",1548922.19009051,1679000,-7.74733829121466
2092,"mother",54353.5000006273,69000,-21.2268115932938
2092,"rw_child",748756.092607766,1210000,-38.1193311894408
2092,"rw_spouse",2865043.87107298,1452000,97.3170710105357
2092,"surv_child",1539846.29602213,1670000,-7.79363496873456
2093,"mother",53876.9097050544,68000,-20.7692504337435
2093,"rw_child",748812.35117992,1209000,-38.0634945260612
2093,"rw_spouse",2861626.0817143,1455000,96.6753320765839
2093,"surv_child",1530922.51874378,1660000,-7.77575188290496
2094,"mother",53403.1042415851,68000,-21.4660231741396
2094,"rw_child",748862.189985387,1208000,-38.0080968555143
2094,"rw_spouse",2856877.78113752,1459000,95.8106772541136
2094,"surv_child",1522602.82960686,1651000,-7.77693339752488
2095,"mother",52938.7088426424,67000,-20.9870017273995
2095,"rw_child",748659.372654407,1208000,-38.0248863696683
2095,"rw_spouse",2853304.46512988,1464000,94.8978459788168
2095,"surv_child",1513411.33288523,1641000,-7.77505588755462
2096,"mother",52492.4792379526,67000,-21.6530160627573
2096,"rw_child",748529.99549079,1208000,-38.0355963997691
2096,"rw_spouse",2852094.33520833,1467000,94.4167917660757
2096,"surv_child",1504871.61969733,1631000,-7.7331931516047
2097,"mother",52048.1962469727,66000,-21.1390965954959
2097,"rw_child",748475.79128824,1208000,-38.0400835026291
2097,"rw_spouse",2850216.24206397,1471000,93.7604515339206
2097,"surv_child",1496098.57395808,1622000,-7.76211011355841
2098,"mother",51632.0772457581,65000,-20.566035006526
2098,"rw_child",748534.814852404,1208000,-38.0351974459931
2098,"rw_spouse",2850853.94172833,1477000,93.0165160276461
2098,"surv_child",1488000.32025749,1612000,-7.69228782521792
2099,"mother",51219.5143844102,65000,-21.2007471009074
2099,"rw_child",748600.428114367,1208000,-38.0297658845722
2099,"rw_spouse",2851702.66432038,1483000,92.2928296911921
2099,"surv_child",1479937.80510246,1603000,-7.67699281955958
2100,"mother",50830.7531216033,64000,-20.5769482474948
2100,"rw_child",748711.916448243,1209000,-38.0718017826102
2100,"rw_spouse",2854189.95459774,1488000,91.8138410347944
2100,"surv_child",1473005.43713544,1594000,-7.59062502287052
