"t","SEX","actual","model","gap_pct"
62,"M",1567.19,1567.19002508799,0
63,"M",1775.52,1775.51953713913,0
64,"M",1924.16,1924.15988940904,0
65,"M",2253.49,2253.48908092872,0
67,"M",2885.34,2885.33997332876,0
68,"M",3212.08,3212.07639265779,0
69,"M",3529.52,3529.52266118049,0
70,"M",3902.28,3902.28621232717,0
62,"F",1275.24,1275.23697223207,0
63,"F",1441.59,1441.59099350665,0
64,"F",1537.06,1537.05198106437,0
65,"F",1809.92,1809.92504189353,0
67,"F",2313.99,2313.9889151377,0
68,"F",2564.34,2564.33891382616,0
69,"F",2793.81,2793.80892025181,0
70,"F",3080.87,3080.86920519794,0
66,"M",2750.23,2750.22981801091,0
66,"F",2211.8,2211.79513462349,0
