"year","rw","conv","tr","gap_pct"
2026,55193992.5196146,5862708.89322576,55194000,-1.35528960165665e-05
2027,56760992.5714386,6064754.13188717,56761000,-1.30874392878511e-05
2028,58197001.3739959,6255896.82667917,58197000,2.36093937733273e-06
2029,59503000.7862579,6428384.27441342,59503000,1.32137529806897e-06
2030,60694000.4032513,6587088.82957208,60694000,6.64400690020273e-07
2031,61773000.2016855,6730505.94668382,61773000,3.2649458692191e-07
2032,62719000.0945635,6831703.01819028,62719000,1.50773238338786e-07
2033,63529000.0427102,6903795.08987532,63529000,6.72293998249529e-08
2034,64215000.0199482,6961871.65888393,64215000,3.10646619539057e-08
2035,64804000,7020186.10127687,64804000,0
2036,65343417.046472,7087732.25826687,65361000,-0.0269012920977807
2037,65838647.2174404,7173200.62403984,65940000,-0.153704553472245
2038,66223154.4803197,7231318.6623111,66436000,-0.320376783190357
2039,66517163.7098407,7259790.53964773,66817000,-0.448742520854473
2040,66750523.9404681,7271937.77643221,67114000,-0.541580086914695
2041,66965413.8234286,7291745.38098317,67386000,-0.624144743079302
2042,67172351.3435755,7311438.27377224,67664000,-0.726603003701365
2043,67361353.1866228,7335536.07549312,67912000,-0.810824027236989
2044,67599974.5646583,7381064.88248644,68185000,-0.857997265295496
2045,67856346.6557746,7432739.77404983,68461000,-0.883208460620533
2046,68126088.3791269,7504261.85676129,68692000,-0.823839196519405
2047,68469547.1435553,7598548.34948075,68995000,-0.76158106593911
2048,68800626.5672193,7687579.35057122,69263000,-0.667561949064788
2049,69166920.9351534,7791568.04041138,69581000,-0.595103641578332
2050,69551459.0284395,7889492.56514302,69911000,-0.514283834533136
2051,69975591.3189005,7993338.60698404,70288000,-0.444469441582451
2052,70462880.9402878,8109054.82619499,70727000,-0.373434557824071
2053,70970671.4399283,8223195.62131717,71179000,-0.292682617164786
2054,71508993.5031089,8341732.02621803,71674000,-0.230218066371524
2055,72104963.8911151,8474529.01043138,72228000,-0.170344061700267
2056,72729503.7490897,8619946.22405272,72829000,-0.136616253017774
2057,73389658.4575872,8780784.26031192,73479000,-0.121587858317018
2058,74036828.0513884,8931582.72800603,74123000,-0.116255343970928
2059,74674155.8056936,9076408.84655542,74764000,-0.120170395252206
2060,75299095.7736294,9209336.28903213,75393000,-0.124552977558456
2061,75915207.0599715,9334102.32486393,7.6e+07,-0.111569657932187
2062,76531281.6568841,9451795.45240849,76599000,-0.0884063018001702
2063,77143861.6481619,9565282.7206126,77185000,-0.053298376417843
2064,77746914.9633372,9673640.96585778,77757000,-0.0129699405362893
2065,78383981.9695089,9790307.4737724,78350000,0.0433720095838419
2066,79021011.4855452,9905847.82859196,78938000,0.105160360720014
2067,79697063.0745056,10037488.4963241,79557000,0.176053740721249
2068,80359310.5745123,10156246.3023702,80163000,0.244889256280723
2069,81036308.5891439,10272660.1419235,80772000,0.327227986361445
2070,81727891.7435197,10394789.4798981,81397000,0.406515895573123
2071,82395478.2751668,10517769.9566806,82003000,0.478614532598542
2072,83052981.408644,10642730.1153204,82599000,0.54962095018587
2073,83707424.2353242,10777629.914857,83196000,0.614722144483126
2074,84341410.9244549,10918345.7225291,83778000,0.672504624668613
2075,84940602.0308144,11051374.3286625,84322000,0.733618783727175
2076,85474334.6681818,11159608.0978369,84801000,0.794017367934141
2077,85976513.9665922,11262412.6620336,85252000,0.849849817707704
2078,86437123.0271414,11351890.6385966,85649000,0.920177733705474
2079,86863229.2442129,11441023.9358301,86008000,0.994360110934922
2080,87254628.6645462,11526598.8398683,86339000,1.06050413433809
2081,87640523.1326839,11618720.0651912,86653000,1.13962947928394
2082,87976495.3233638,11708590.6822174,86926000,1.20849380319328
2083,88274118.3467437,11791196.9659512,87156000,1.28289314188774
2084,88519404.4939964,11858827.7468986,87334000,1.35732302882774
2085,88702053.204071,11915049.7211934,87451000,1.43057621304612
2086,88852269.5555125,11964681.9837946,87533000,1.50716821714387
2087,88928933.0838101,11993022.4808382,87545000,1.58082481444988
2088,88999874.9778726,12026182.0837631,87538000,1.66998900805659
2089,89062736.9354095,12057618.3509802,87515000,1.76853903377654
2090,89080918.2573827,12074806.1420539,87446000,1.86963183837185
2091,89111868.7475656,12104436.9831354,87390000,1.97032697970654
2092,89138075.5577155,12131714.2965298,87329000,2.07156334976415
2093,89155454.8946387,12159432.2096481,87259000,2.17336308534219
2094,89186518.0845804,12188342.9415093,87193000,2.28632812792355
2095,89218106.6353762,12218884.6174854,87135000,2.39066578915039
2096,89264095.2777593,12251605.3003509,87090000,2.49637762976156
2097,89319225.3048111,12287445.6871027,87064000,2.59030748048685
2098,89394519.6039623,12327451.3708028,87057000,2.68504497508797
2099,89493270.298045,12371528.1249102,87079000,2.77250576837702
2100,89623833.8031124,12420888.1266242,87133000,2.85865722873351
