"fund","year","inc_rate","cost_rate","tfr","tr_inc","tr_cost"
"OASI",2026,11.1300663736964,13.8455895925576,152.9331744344,11.11,13.84
"OASI",2027,11.1885327608093,14.0983461728163,129.119889139557,11.06,14.07
"OASI",2028,11.2053335413703,14.2102520230943,105.799606099092,11.2,14.18
"OASI",2029,11.248887610185,14.2864805680115,82.8842584391924,11.25,14.26
"OASI",2030,11.2666969485499,14.3200771818054,60.5823212502555,11.26,14.3
"OASI",2031,11.2807152942457,14.3467125956378,38.7955491418731,11.27,14.33
"OASI",2032,11.2978326681036,14.3620077922923,17.4683710247387,11.28,14.33
"OASI",2033,11.3200885673718,14.371877607758,-3.38188296855947,11.32,14.34
"OASI",2034,11.3345543573419,14.396511483185,-24.0425243742337,11.33,14.35
"OASI",2035,11.3536981099296,14.425619732603,-44.7524693703423,11.35,14.37
"OASI",2036,11.358198493076,14.4645895635697,-65.5648033808508,11.36,14.44
"OASI",2037,11.3622619391182,14.5033508535194,-86.6495022647485,11.36,14.52
"OASI",2038,11.3654989050685,14.5313830523003,-108.131721018564,11.37,14.59
"OASI",2039,11.3680526016987,14.5464401737896,-130.032244086944,11.38,14.65
"OASI",2040,11.3698414238155,14.5497120780859,-152.375896055083,11.38,14.7
"OASI",2041,11.3716235676841,14.5523176293203,-174.988421509924,11.39,14.74
"OASI",2042,11.3733379106452,14.5561649891582,-197.902986037516,11.39,14.77
"OASI",2043,11.3751995240908,14.562759088485,-221.085912805286,11.39,14.81
"OASI",2044,11.3776498525964,14.5808233523995,-244.539319615488,11.4,14.86
"OASI",2045,11.3805447262285,14.6090598552153,-268.114222485783,11.4,14.91
"OASI",2046,11.3840047424311,14.648344161829,-291.888709283806,11.41,14.94
"OASI",2047,11.3883561937151,14.7047594415869,-315.600314116414,11.41,14.99
"OASI",2048,11.3930504610109,14.7685629957026,-339.683151702298,11.41,15.04
"OASI",2049,11.3981091037175,14.8392286920686,-364.009373138615,11.42,15.09
"OASI",2050,11.4035836444972,14.9182900570805,-388.737623157839,11.42,15.16
"OASI",2051,11.4094197409912,15.004860726915,-413.679088967362,11.43,15.23
"OASI",2052,11.4161653251493,15.1073660706568,-438.911753932612,11.43,15.32
"OASI",2053,11.4231649382135,15.216700332386,-464.351741844033,11.44,15.41
"OASI",2054,11.4305296490013,15.3324532884424,-490.327139635242,11.45,15.52
"OASI",2055,11.4384339160457,15.458167071511,-516.4892402479,11.45,15.63
"OASI",2056,11.4466290816717,15.5903666744077,-543.15678970767,11.46,15.75
"OASI",2057,11.4551435622049,15.728493905855,-570.082677995976,11.47,15.89
"OASI",2058,11.4637146259921,15.8676060382179,-597.765781856812,11.48,16.02
"OASI",2059,11.4721678074348,16.0044357638755,-626.088477564009,11.49,16.16
"OASI",2060,11.4802995661704,16.1361549413668,-655.408278649943,11.5,16.29
"OASI",2061,11.4880840223004,16.2618482668973,-685.433558081046,11.5,16.42
"OASI",2062,11.4958645597671,16.3870867603039,-716.316812179075,11.51,16.54
"OASI",2063,11.5035114742095,16.5103472085414,-747.762905789516,11.52,16.65
"OASI",2064,11.51101142595,16.6312462337677,-780.156313431798,11.53,16.76
"OASI",2065,11.518691414618,16.7553411954503,-812.88335309688,11.53,16.88
"OASI",2066,11.526390075015,16.8805013713486,-846.391063007162,11.54,16.99
"OASI",2067,11.5343534371926,17.0102368182636,-880.135641468255,11.55,17.1
"OASI",2068,11.5425596725668,17.144299367563,-914.648751947677,11.55,17.22
"OASI",2069,11.5508845683322,17.280769059015,-949.552519106215,11.56,17.33
"OASI",2070,11.5594879685236,17.4224898518848,-985.201879482626,11.57,17.45
"OASI",2071,11.5680111990135,17.5632819560506,-1021.3662276768,11.58,17.57
"OASI",2072,11.576457468371,17.7028203776413,-1058.66045763611,11.58,17.69
"OASI",2073,11.5848972292017,17.8425342450781,-1096.38081834601,11.59,17.82
"OASI",2074,11.593170972509,17.9797706964682,-1135.27065761454,11.6,17.94
"OASI",2075,11.6010615251081,18.1104464513995,-1174.91229464692,11.61,18.05
"OASI",2076,11.6083661088696,18.2305435360648,-1216.3227858087,11.61,18.15
"OASI",2077,11.6151184494112,18.3413028672512,-1258.64103372634,11.62,18.25
"OASI",2078,11.6213248447182,18.4428018965215,-1302.5417406813,11.62,18.33
"OASI",2079,11.6269638851708,18.5344167262689,-1347.30832287296,11.63,18.4
"OASI",2080,11.6320857744638,18.6171065419599,-1393.652939987,11.63,18.46
"OASI",2081,11.6369164180092,18.6946249753409,-1440.50321497611,11.64,18.52
"OASI",2082,11.641207902996,18.7632401871299,-1488.91857627315,11.64,18.57
"OASI",2083,11.6449269014168,18.8216973027006,-1538.12404623927,11.64,18.61
"OASI",2084,11.6480527496009,18.8696413517974,-1589.19684974245,11.64,18.64
"OASI",2085,11.6502435335483,18.901615007784,-1641.47353743912,11.64,18.65
"OASI",2086,11.6517648049424,18.9217432335803,-1695.72138330925,11.64,18.65
"OASI",2087,11.6524605304099,18.9274344104927,-1751.12403178001,11.64,18.64
"OASI",2088,11.6524988899269,18.9217675371727,-1808.511071709,11.64,18.62
"OASI",2089,11.6522666155259,18.9114994334959,-1866.12989622082,11.64,18.59
"OASI",2090,11.6515439265944,18.8926192371276,-1925.60108320814,11.64,18.55
"OASI",2091,11.6506027715414,18.8698813787906,-1985.3463883489,11.64,18.5
"OASI",2092,11.6496291068423,18.8468111952786,-2046.21995175695,11.63,18.46
"OASI",2093,11.6485067386599,18.8213227196908,-2107.18570663766,11.63,18.41
"OASI",2094,11.6474466598299,18.7969097423442,-2169.2555760044,11.63,18.37
"OASI",2095,11.6464976451311,18.7746019265187,-2230.98429227207,11.63,18.32
"OASI",2096,11.645652118347,18.7543689100805,-2293.75242349435,11.63,18.28
"OASI",2097,11.6449922220097,18.7374664167576,-2356.01331761561,11.62,18.24
"OASI",2098,11.6445769917387,18.7249112083785,-2419.1899932092,11.62,18.21
"OASI",2099,11.6444413212387,18.7176240751569,-2481.55555445353,11.62,18.19
"OASI",2100,11.644698968334,18.7172676266365,-2544.54143164238,11.62,18.17
"DI",2026,1.8100013667035,1.48608332038101,135.885973841439,1.81,1.53
"DI",2027,1.81168776279644,1.45981349424786,159.396986798704,1.79,1.55
"DI",2028,1.81164937794102,1.436178410872,184.451243281241,1.81,1.52
"DI",2029,1.81209325626504,1.42926839240135,209.441035608336,1.81,1.48
"DI",2030,1.81247759969153,1.42303946091327,234.78851671485,1.81,1.44
"DI",2031,1.81197802640688,1.3963097880921,264.812889891541,1.81,1.4
"DI",2032,1.81282563695398,1.39241977330205,293.137416406708,1.81,1.39
"DI",2033,1.81288820947994,1.38834072828455,322.417801319671,1.81,1.38
"DI",2034,1.81370612208128,1.39634723302405,350.02408442309,1.81,1.39
"DI",2035,1.81440555574623,1.40918645858132,376.190497004113,1.81,1.4
"DI",2036,1.81510003567567,1.42959146156434,399.769549531026,1.81,1.42
"DI",2037,1.81570678191338,1.44832335057833,422.505639909172,1.82,1.43
"DI",2038,1.8163024774021,1.46922414087378,443.392878369909,1.82,1.45
"DI",2039,1.81698218476947,1.49604682067669,461.053065248996,1.82,1.48
"DI",2040,1.81770257818875,1.52703997532499,475.741450409511,1.82,1.51
"DI",2041,1.81845578204945,1.55929622310009,487.993405445423,1.82,1.54
"DI",2042,1.81918893496232,1.59095396565473,498.539113059768,1.82,1.57
"DI",2043,1.81992991404392,1.62246697691869,507.271855112538,1.82,1.6
"DI",2044,1.82064930666709,1.6520988473243,515.109101389773,1.82,1.63
"DI",2045,1.82132669089587,1.67947607106384,521.881919410943,1.82,1.66
"DI",2046,1.82197045674728,1.7044073453991,527.978422785354,1.82,1.69
"DI",2047,1.82255340031506,1.72518179353135,533.820663095694,1.82,1.71
"DI",2048,1.8231018117027,1.74411576621198,539.270283100439,1.82,1.73
"DI",2049,1.82363764201595,1.76215244170111,543.896818493112,1.82,1.75
"DI",2050,1.82415300578838,1.7792361438439,548.067781307307,1.82,1.77
"DI",2051,1.82465711772785,1.79607369204966,551.296921976291,1.82,1.79
"DI",2052,1.825142451628,1.8111987634938,554.475906408899,1.83,1.81
"DI",2053,1.82558062391465,1.82460355160987,557.202919887149,1.83,1.82
"DI",2054,1.82600648187477,1.83713081563167,559.69497941301,1.83,1.84
"DI",2055,1.82639225417392,1.84721161383126,562.196848960097,1.83,1.85
"DI",2056,1.8267101667578,1.85376843123752,565.377947014947,1.83,1.85
"DI",2057,1.82696839142256,1.85675277454615,569.154123661631,1.83,1.86
"DI",2058,1.82720050359673,1.85831522941607,573.381489393307,1.83,1.86
"DI",2059,1.82744290612837,1.86069231612124,577.208320580707,1.83,1.86
"DI",2060,1.82768900643049,1.86395369908683,580.804698146187,1.83,1.86
"DI",2061,1.82794983134811,1.86848107038988,583.712359873511,1.83,1.86
"DI",2062,1.82822909440995,1.874095648046,586.269602552974,1.83,1.86
"DI",2063,1.82851202240635,1.88033628910034,588.258570468647,1.83,1.86
"DI",2064,1.82879668687642,1.88698666242117,590.01075844456,1.83,1.87
"DI",2065,1.82907001959989,1.89302530916699,591.556409536386,1.83,1.87
"DI",2066,1.82931514747963,1.89790273548058,593.350038410679,1.83,1.87
"DI",2067,1.82953014232425,1.90096239156948,595.393231859692,1.83,1.87
"DI",2068,1.82972937387044,1.9032295399195,597.811139971064,1.83,1.87
"DI",2069,1.82993965685604,1.90645867855308,599.764354735962,1.83,1.87
"DI",2070,1.83012893989728,1.90870820928286,602.141656152851,1.83,1.87
"DI",2071,1.83028555710568,1.90945826379808,604.787342049883,1.83,1.87
"DI",2072,1.83041990313009,1.90911443637858,608.011243461571,1.83,1.87
"DI",2073,1.83051633615407,1.9068471107362,611.778603852313,1.83,1.86
"DI",2074,1.83056274120126,1.90208052288353,616.716156832396,1.83,1.86
"DI",2075,1.83058546105472,1.89627355364531,622.124301709324,1.83,1.85
"DI",2076,1.83063930357803,1.89240595913179,627.486829003361,1.83,1.84
"DI",2077,1.83071640574885,1.89030554006962,632.338459723872,1.83,1.84
"DI",2078,1.83079718053631,1.88881147651392,637.312388519205,1.83,1.83
"DI",2079,1.83087864386201,1.88758444083879,642.106773722766,1.83,1.83
"DI",2080,1.83094460799834,1.88572197673514,647.39168021366,1.83,1.83
"DI",2081,1.83098843267217,1.88267977916027,653.019785066093,1.83,1.82
"DI",2082,1.83100038950265,1.87829247003078,659.474784659894,1.83,1.82
"DI",2083,1.83101124892531,1.87395198365242,665.950581223101,1.83,1.81
"DI",2084,1.83104600058413,1.87107978838684,672.388381577714,1.83,1.8
"DI",2085,1.83110641600047,1.87008739574139,678.052203780416,1.83,1.8
"DI",2086,1.83118789775152,1.87036024274411,683.511037194845,1.83,1.79
"DI",2087,1.83130771370217,1.87296948235838,687.84923913331,1.83,1.79
"DI",2088,1.83145055814623,1.87704658295233,691.681983416928,1.83,1.8
"DI",2089,1.83158661311284,1.88085432832647,695.131459072907,1.83,1.8
"DI",2090,1.83174752282189,1.88611654494385,698.026392415527,1.83,1.8
"DI",2091,1.8319154151681,1.89175401846896,700.277725407009,1.83,1.81
"DI",2092,1.8320705944622,1.89680778787927,702.658272239137,1.83,1.81
"DI",2093,1.83223324865476,1.90238282396992,704.345137160712,1.83,1.81
"DI",2094,1.83240269062062,1.90830651948919,705.851359902408,1.83,1.82
"DI",2095,1.83257616828924,1.91451262323774,706.747029622043,1.83,1.83
"DI",2096,1.83274987600055,1.92084584792576,707.521192049346,1.83,1.83
"DI",2097,1.83292337218799,1.9271745651589,707.782152034818,1.83,1.84
"DI",2098,1.83309436779952,1.93336070065221,708.057497345383,1.83,1.84
"DI",2099,1.83325674611391,1.9392293163321,707.944707311277,1.83,1.85
"DI",2100,1.83341128375258,1.94463971745987,707.994253216794,1.83,1.86
"OASDI",2026,12.9400677403999,15.3316729129386,151.28080677666,12.91,15.37
"OASDI",2027,13.0002205236057,15.5581596670642,131.960772423654,12.85,15.62
"OASDI",2028,13.0169829193113,15.6464304339663,113.0190024833,13.01,15.7
"OASDI",2029,13.06098086645,15.7157489604128,94.3939613434368,13.06,15.74
"OASDI",2030,13.0791745482415,15.7431166427187,76.3290311367216,13.07,15.74
"OASDI",2031,13.0926933206526,15.7430223837299,58.8419047573911,13.09,15.72
"OASDI",2032,13.1106583050576,15.7544275655943,41.8327618018069,13.09,15.72
"OASDI",2033,13.1329767768517,15.7602183360425,25.3182886480463,13.13,15.72
"OASDI",2034,13.1482604794231,15.792858716209,9.03108715784082,13.14,15.74
"OASDI",2035,13.1681036656758,15.8348061911843,-7.29150389416363,13.16,15.77
"OASDI",2036,13.1732985287516,15.894181025134,-23.7106168302243,13.17,15.86
"OASDI",2037,13.1779687210316,15.9516742040978,-40.4210454869585,13.18,15.95
"OASDI",2038,13.1818013824706,16.0006071931741,-57.4890644040718,13.19,16.05
"OASDI",2039,13.1850347864682,16.0424869944663,-74.9104105404527,13.19,16.13
"OASDI",2040,13.1875440020042,16.0767520534109,-92.7145730428275,13.2,16.2
"OASDI",2041,13.1900793497336,16.1116138524204,-110.824454558832,13.2,16.27
"OASDI",2042,13.1925268456076,16.147118954813,-129.283480445934,13.21,16.34
"OASDI",2043,13.1951294381347,16.1852260654037,-148.072633840042,13.21,16.41
"OASDI",2044,13.1982991592635,16.2329221997238,-167.226420232784,13.22,16.49
"OASDI",2045,13.2018714171244,16.2885359262791,-186.659411411711,13.22,16.57
"OASDI",2046,13.2059751991784,16.3527515072281,-206.435960764249,13.23,16.64
"OASDI",2047,13.2109095940301,16.4299412351182,-226.40914879455,13.23,16.7
"OASDI",2048,13.2161522727136,16.5126787619146,-246.845607563706,13.24,16.77
"OASDI",2049,13.2217467457334,16.6013811337697,-267.639733797884,13.24,16.85
"OASDI",2050,13.2277366502855,16.6975262009244,-288.914570610067,13.25,16.93
"OASDI",2051,13.2340768587191,16.8009344189647,-310.520063195644,13.25,17.02
"OASDI",2052,13.2413077767773,16.9185648341506,-332.565706279163,13.26,17.13
"OASDI",2053,13.2487455621282,17.0413038839959,-354.97441504753,13.27,17.24
"OASDI",2054,13.256536130876,17.1695841040741,-377.975670880639,13.27,17.35
"OASDI",2055,13.2648261702196,17.3053786853423,-401.348074723973,13.28,17.48
"OASDI",2056,13.2733392484295,17.4441351056452,-425.354061889909,13.29,17.61
"OASDI",2057,13.2821119536274,17.5852466804011,-449.795420683837,13.3,17.74
"OASDI",2058,13.2909151295888,17.725921267634,-474.987350361293,13.31,17.88
"OASDI",2059,13.2996107135632,17.8651280799967,-500.762473949845,13.32,18.01
"OASDI",2060,13.3079885726009,18.0001086404537,-527.395509561445,13.32,18.15
"OASDI",2061,13.3160338536485,18.1303293372872,-554.637526793095,13.33,18.27
"OASDI",2062,13.3240936541771,18.2611824083499,-582.635899494201,13.34,18.4
"OASDI",2063,13.3320234966158,18.3906834976417,-611.162780777971,13.35,18.51
"OASDI",2064,13.3398081128264,18.5182328961889,-640.537862556205,13.35,18.63
"OASDI",2065,13.3477614342179,18.6483665046173,-670.316441662199,13.36,18.74
"OASDI",2066,13.3557052224946,18.7784041068292,-700.878773505893,13.37,18.86
"OASDI",2067,13.3638835795169,18.911199209833,-731.81480444736,13.38,18.97
"OASDI",2068,13.3722890464372,19.0475289074825,-763.523723697299,13.38,19.09
"OASDI",2069,13.3808242251883,19.1872277375681,-795.61112432192,13.39,19.2
"OASDI",2070,13.3896169084209,19.3311980611677,-828.472036467583,13.4,19.32
"OASDI",2071,13.3982967561192,19.4727402198487,-861.908835606509,13.41,19.44
"OASDI",2072,13.4068773715011,19.6119348140199,-896.41909616704,13.41,19.56
"OASDI",2073,13.4154135653558,19.7493813558143,-931.454191014631,13.42,19.68
"OASDI",2074,13.4237337137103,19.8818512193517,-967.659505144762,13.43,19.79
"OASDI",2075,13.4316469861628,20.0067200050448,-1004.58587573648,13.44,19.9
"OASDI",2076,13.4390054124477,20.1229494951966,-1042.92691740443,13.44,20
"OASDI",2077,13.44583485516,20.2316084073208,-1081.96061659581,13.45,20.09
"OASDI",2078,13.4521220252545,20.3316133730354,-1122.3288537465,13.45,20.16
"OASDI",2079,13.4578425290328,20.4220011671077,-1163.42874359098,13.46,20.23
"OASDI",2080,13.4630303824621,20.502828518695,-1205.93041710193,13.46,20.29
"OASDI",2081,13.4679048506814,20.5773047545011,-1248.96047085049,13.47,20.34
"OASDI",2082,13.4722082924986,20.6415326571607,-1293.42383566798,13.47,20.38
"OASDI",2083,13.4759381503421,20.6956492863531,-1338.54924850752,13.47,20.42
"OASDI",2084,13.479098750185,20.7407211401843,-1385.17277616099,13.47,20.44
"OASDI",2085,13.4813499495488,20.7717024035254,-1432.64540344775,13.47,20.45
"OASDI",2086,13.482952702694,20.7921034763244,-1481.6967786017,13.47,20.45
"OASDI",2087,13.4837682441121,20.8004038928511,-1531.50702202193,13.47,20.44
"OASDI",2088,13.4839494480731,20.798814120125,-1582.8742251205,13.47,20.41
"OASDI",2089,13.4838532286388,20.7923537618224,-1634.44090317738,13.47,20.39
"OASDI",2090,13.4832914494163,20.7787357820714,-1687.45054116155,13.47,20.35
"OASDI",2091,13.4825181867095,20.7616353972595,-1740.63829517212,13.47,20.31
"OASDI",2092,13.4816997013045,20.7436189831579,-1794.86103374747,13.47,20.27
"OASDI",2093,13.4807399873147,20.7237055436607,-1849.09441234498,13.46,20.23
"OASDI",2094,13.4798493504505,20.7052162618334,-1904.26992018524,13.46,20.19
"OASDI",2095,13.4790738134203,20.6891145497564,-1959.13487668104,13.46,20.15
"OASDI",2096,13.4784019943475,20.6752147580063,-2014.91691777493,13.46,20.11
"OASDI",2097,13.4779155941977,20.6646409819165,-2070.28521292091,13.46,20.08
"OASDI",2098,13.4776713595382,20.6582719090308,-2126.5180104763,13.45,20.06
"OASDI",2099,13.4776980673527,20.656853391489,-2182.13084078384,13.45,20.04
"OASDI",2100,13.4781102520865,20.6619073440964,-2238.42206086512,13.45,20.02
